address,addresses_in_out
15fcEUmKXBiScw2CDwKEre2YE8brvWPxVA,0
121E9w1ogmjowDbJmkmCuqqQGztJteR78A,0
12Hd6yd28NXoLuBYwqfncv3J7xXQnKKhGb,0
166uYUb7ogk1xyxSSYQzdXRefdbYJaMTjs,0
16Zf5yBa2BhitYZMdENxAfkPs244YTG7y4,1
17wLBifUVkmAovSbVGJcXTvsgUiSMa1rjx,0
1EyzXkzD4bRRJFwWs48rhtwe6WsE8bxARJ,0
14XDyg1YkQFEkjJEHGYS1x3MSGEnhhATtH,0
19QgdEbau15zQVNoTuMHtRRz4nsYv7mgSy,0
1PkiFqu4w85DDvZ1bTgyPKijw99bpHz3dD,0
18UGJzDev87mqZZxiAH3JyQNtXXpBT2HsS,0
1B7SvpLs2bmB8mGX2Bqdqn8UToTB1qgwUd,4
1MwLj2SfC1yEm8spki1d9SdhhXZR6gHprB,0
1BSmoCScpjyPbdnZV2ZUeCTX9Bae4VXiYS,0
1Cz5hcRr2du74AF5MCvy8zKRFd4AyMBZjJ,0
1JUPzoHfzjrrFdQETfTixa6LXB4bH4BAC4,0
1GVjehxXUGK1hoV7Fq35PLu27o8nVpMwD7,0
1HjhBXfshDn73mKGLN9VAFDWD4vGTmbc3w,0
1FDDLBSKjg9exoEohjKznK6AX1hRMNEG94,0
1bxKRy21nwEUd7MaupgAC2rMJHSexE3PQ,0
12Nz4NGjYPikWev6mEUd5S8fhynXaowge4,2
19sExim4VjwWLt8xAmiYqAm9kax44wZSKD,0
12QQ34rmJ68ooSEntKKhRQm5181vBnfsPK,2
16w9KgywKrdJaQMVQyWr313HLsxtJqJwat,0
169g8d2ocjasKr1WPM3PTeY31LECvogQB4,0
12WAu3D45TUVH8uPsVPNMN9DNpiDtmeENK,0
1DC4aQgLKCwgVfdyELAgFRURxo6rpQVKhX,0
1ENR3cKs3mcEyMBUSUfMrJRD8dMJZtkLUQ,0
12cU6GoRKxdWub61XQMPuLNkxmmqjnw2sJ,0
13QRsh88ewye6oAUzafZ6zZjtAV36JX14Q,0
1Pvt41pRmHF66RBA8hrHCQnmTJ5Rst7nqY,0
1Auvmqh2JEtJgMkNuujBCZR6vQCwDg2sgi,0
1AKPi9AvKftfRcw7FwESgf944frtuTyC3N,0
1Kbx1Bfh4xnhRCoL7mpHs63Vks3p54DTTw,0
15ma5jJto3voRxBbweeBQuR9JWk4PSSHsg,1
16uoU4XVnCnwXUE42ALj1K3X72JPeF2d48,0
1Bf9ChN9Ck1aBKBdj7aTxyenxzHRHsTUSc,0
19itXj5FjgJG9cjebgTqCg5YW9oBjksEwN,0
13kagwRD3GtF6f7oL9rhC42HYCUT5S5yJY,2
1M2TE9WwayxZMyXsv4NDSx5i4WCFJwq9NE,0
16EeLa9BrZc1A4sasztaRdnfp3aU8DmuVC,0
1JEiqUSeUgfMPgoUvifWaqjUXZem4oDARa,0
1CSeF9fZiggN34CH9UE9MtsTfWRKaKQowS,0
1C44dqdpCh9ZPuLg4ayRbdaHegs5muVy22,0
1AjNKjzGtrnrziEzkypuU5aSRRK8cMm5UB,0
1WLSx7PP1uDavVVAn5UREMAkXxB6NPCUs,0
1K4ST8vyQfSf72jyLsbzg5U5rA2bY9fWSJ,0
1nggzuTDHDpCVZsEWcLsH8YfWGVDNyLxP,3
1D7Zjogj8GV3qvLoDwiA9qjZ97sZZPzanp,2
1E5c6i2MjK1ErUyATWqQJXEtTgTuxUTsCc,0
1877QcZSEZrrRNR882xjPW65pKoUacZ5KX,0
1KhwVhc3Q4zmdX6ifVwyBxeZcUuzmmxyn1,0
13kv7pPW6yqMRpuxdNHzQKwmJss9z8Bcti,3
122ehyPM3y7xFKyZGvtaS4P2yMwwgR3Aku,0
1LHejBRLEuZC5BET5qAwKayikQLFxEnz5M,0
1LEXtwNzTNdJ3fcDoEtnx7wsYiCMeZdBfN,0
1K7v2vXH7VWqs3DMmwwW225pq27toWyjFR,0
14DGbFh4SqDF9dvddfjM5m9sic5GoRExVV,3
14zqVUcUu7xJPvocTAXCEYVAioGXzpnJTN,0
1HbRBT4qCyLwALg6cHgfitruAe3NfpGpTD,0
13P24j43vMMGFadD7dnbZCWapCxMnx67gN,0
1Ht4rVg3b5nakVaa83fkbjcYqmEpJXTXq1,0
1ezt4auq8JtxA2jiv4QGKZAjVrCiUXV1F,0
1GViH5ksvwfNnvKASB7wERXqbBAWk9PTmU,0
1NiKtELYAkahfPdQdKiJnvUxdGuk7H2YK,2
1EwnNdmmoeE5EbNgicLTQcjarpd7u9Fipb,0
12wAbWDRCw88VepQUvJTuxPDA8ujANvbtH,0
1KeA6FdWZ7DZW3v22f77mGGHtpnoNxzQfW,0
14utochrw9krxWpw2KUnVGZho1gL1NExt3,3
1KjP9b1tdeTv1u7b1pCPU81L7fJjNKqQR,0
1NYwdDHVM3R7YRi4g3X3esgDW2PiwPnk77,0
1Ca7eaWMo1ot3C5DRGDwx92hNpFePUrpzy,0
1nBr3Ag37jSbg3jMDuS6gmvcKA7f8xYoW,0
1HpGwgep6VFLi5x3JtNPCiYtEwBNF6CHDj,0
19m4ccSDQk975x5xBHSx3f7A8oAcDDcUEq,0
1CA6kDNYBgTma8v6FdEaxN42BYSXtHyxTf,0
1G1KpJzZxiZ3R6A5rHLC3hs9vjcaoUQkfa,0
1DhHwmGGGZPK6uQ1MLX71ZL17HWsT1A5ua,0
1PsACmccnGAYT9ee19SCFZHibQ98Z4HcNw,0
1Nj5MeCo2Qyk97iBcvQvjaksLgNiRs7L5H,0
1F35MvPKPSEc1L198dPR1weyXnkDG516fN,0
1FoWjUkEAZVZeHvrhhxC87E4NMuLbffKzw,0
1HYYrZfs2NRe4EkxQjYaBJezGEiSkFabjv,0
1EsSD5htpPEELgEWKJAJfAXRW1XpVKS7PC,0
1A3HkarNN9f6PH5JdjUTE1gRsSuK1TwYfY,0
12ys4qSPDtKi9mgdFTxb57gZSBthNdPhFS,0
14a7ndeYZRmF8RrCssXnLUeBn5k1GbhrZJ,0
1FCiddHMtH2uDN49z15ZJxLaZ3Z6gVvLn8,1
122nTe2oVFHivrPTMmbFCDDG1it5Ms7se1,0
15B8YDtb8AUvSKmWXDaQ44ox6sjLoamM1e,0
196p7qiFB5osRfk169VkfBfFKGMVFzWUmG,0
17sKq9t2ZHoc1JiyfGENAKwhQgUgZvsxSR,0
1DbQYvpXSVB7GXesCsxNVy1pv3hpevqWYv,0
17xmF7ZSUhM2PY9AqzT3oWeqeorUKiFBda,0
1LekJj3LY6QuybMJ638qcvyTMftiPS6XBD,13
1CCAY1z6Hqq52E1UcWe3bd9WioSJYJKoD2,0
13a3ir2AkXqVa6SNFu3fUCddvcH17sMwEu,0
1FnhnhZxukuvhCUdrLoCydh7c2hweS9vqU,0
12ZgoTPpWoL4fZiGA6LTpb77NcBAF5p842,0
1DtfkVjwaGzav1c4ZMCYfpexPif9JL9WZD,0
1Ea6jwAVDgUohKHXcMFE3sRWYmDPzfVR4a,0
18oHtAN5KMGm32A2EoSiybk81oHZLZXeBj,0
1Cbr8Kt8bznR3WjunfQ5Z5RyRGT63ou3Ay,0
1162sA45pNhWE5rDdaiDqoxDhCNyG3SRzG,0
151oXRuzhw8K3dQaXCCXbLZ6gCTKPxus8t,0
16VHtRfxx8k7CqC6bnXNZhMbmgwsad9D1a,0
1AjM7fvtZz7Si2rEjPLfdD7461p5hGzn1H,0
18fzBQCSS3bfwct9PRNb15B1QP5QZpER6H,5
15byuD7pWL6vboxLDQ9RXFf1533ZpHNBNG,0
1H1HPtjtffaQBz9UsGh3M53f4AyWGhe2eT,0
1F4XpKERxn426KquCavNmcRxokz6gaaxQK,0
1GDN7PKf7t427dcPU7mXZjPzresga3MHpA,0
1HMus71jpU8PGgcSStdoJ9PPsBACayHNQT,0
1336jWAbiXnuLGpWeYdavMLKFTzrBa4vny,0
1CT72AtXDs4y6ikE13FUBCSkbZhjxuYapU,5
1Hbdkf5BqsBPjBnjmdCTLiyngZuXeVxo89,0
1GeHMwBRdMgQYeq43qCLNSdfHdkNssBon,0
1iKoLd3bUrXtsh8tkTRYpW8mwJMRa973J,0
1GhpPWuoYFk6tyB7oEe94QssgU6D9sWyVd,0
1BubynasDadHrs6eSuNuVgi3w1JQzD3oZT,0
18mbgyvSWozA1k7aE7XBGus4w73xs2yTqs,0
1PfSnNKTdKVCb4n4NLJLUN7Fip79KvotZW,0
16FuTPaeRSPVxxCnwQmdyx2PQWxX6HWzhQ,10
1JGnq6TqWybkoHZJ93nUiQQAEGJ5rucAeJ,0
19oZVzd3b6ptxbBncTusRkq6VMivXNqCsS,0
16FDvRGtRdQRsumspAY1mg6gqDQZZTtr84,0
1EhnSN7Lw8zaKyps7CoWLK99Jqpnj6PU89,6
1Am2dJwMxKMcooRUZzADq1yxR46SATTymD,0
1CEQRKxXCEuWL7M9oDdCstGrrw7L6v4PdQ,0
1AzCNpvKbap3oTcdu7xPiDKYrqWPnKdcKa,0
1PBBJoaYQUBhfhcrcrNy12dzs4Nw7U4ofz,1
1JXt6mcQKLk5CWmLrwW3hkE7tiJc4sg4AW,2
1HZYXDYDqyiaJBMveo6G9QGbYXuv8RRjv6,1
18YZ8QyGKRQP8PqLsi5uanMRoLF94qoa2S,7
16ZVzsqxwHCq16WzTKJmpmuYh3ic6WiWkv,0
16AdU9fjvb5EEFbam8ae2eGseTdCUxd7pm,0
17C1JdyuQ6ykQ3AJYsBYNtc92pnggD1ixZ,0
1JuiqMVyDVovkqsGaYkGJuJUQuPQm6YxUs,0
1LzEkJqdpKkzez7V2GaPy5vLpaXefxgbNT,0
1DdmdgYrgYYSTHqRw2PB75xH5UwgAKh8d4,0
13uHRaBHWpjxnYMSkKVJ3Xc1FtZ8bnKv4k,0
1FjP7keMq8vgyi2b7pDeAH4RRJhMCJvbUi,0
1CydT7ejjrzELkprjJp6pCZrcN27WuoFdF,0
1D1ZMYEq8RFs5Dd7E2xM6i9N3n33sUxsNS,0
18QwMsfAaWcsZTq8yWRBU7c2YhekzrRq7S,0
1QBEiWBG8a356f2r6XyD258PW4EirP2PDF,0
1MUNRzU8VF1NSdM39uP9SBY5bVWazNwyYq,1
1DZAZEgdXi3mwDnY6DSoHV5K4t7ZhG6Avg,0
1CzyzLwtm3iQhYwH4CWNHNbT3XJtJ6Bd2J,0
12PM1HPPuYEVreH3HuNLhs3vG8fExFJ6uK,0
1AZch9RgNZJZTVBJSd8Q8bbWSTKAbdQQ2f,0
1CkMWHRY1PqEHw36HzTC4GF9ABZZNYsWeD,0
1AJRz6Cw7PuMMUR2j62T3vu82bo18oYWy3,5
1GLi3UotDDcgMJBzZ1gX7gtEsdfQbta16o,0
15or3iC3YZqhSRXNoQrp2ePbFccdDE2fRB,0
1PPrSSDg8eswL2VsaHZiHWurLj7Xi15a1c,1
1FPG3vjdg5bmZMeUorMGmwAouL9cxQqdaP,0
1EBPBQpoZtHK1g6HYDhK7YU3Npfs7r9cW3,0
1MSGtq44fDH6z6Asy5PGpEUZcnVf4PW48y,0
13PKp5X9Po1v33tccyMHqh5Kkevnhddjrz,1
1EQNXgatjKfiih9LsHMNwYQFc6tNVbtCNn,0
15w27GaUxP8Rru94z21JsVfFWhBFSh1uvT,0
1LofcagFrDmkFYtwAHhppVWPANdL2Yk36T,0
19RUqHfp1CnXQzch1D4VXsewLKybt9EhE2,0
12ypPcj6C7ocTYji3tRKnLVLSfiVN9hqMk,0
1Fw5fLzSBDgUxRuGaQKLddJrrhkxGfXFpn,0
13FM5oGXozSwNdVKZjm3HVrj1qtD5Yv745,0
1GAbPbGg1qQCkGrehVxAKNteaGJEU7rb99,0
1EQBPjn9w5WvEbbbBQKUjtxHxnTMaUSMuc,0
166vasb9tjzvtatViByD8yqZzH1PYgBHnQ,0
1DtrJAoR32iZWasSeQNqLNuNEjfvxXFtW8,0
1KYAWwyMgBE2ZANNFmc8ND7dnZTW9ypD39,0
19BQbehg3TwZ5vfAvC3AgkWiTuFiEU4qQT,0
1JUJiyTPucL2TszCamwYNJ8Tqeb45XJ4Sa,0
19Fm7awgnt44vhUda1hTpEaJT8wMCMgv7f,1
14YXxmSNDoGvw2W97Q1tjh8LR71tKSSSiK,0
13dGz7Go3CSRYoyEAiaYf18F1njU66BT2P,0
1QAY8nPSj1TnYNhaGZp7fqrGtEo3ShsbkJ,1
19QDGMRKdZ9BpDZP2Re6yaDqNQ7zN4wo1D,0
18gPHvrg3kNW2h2tXLezXJaWX3MvUVhk7a,0
1Af4zjVxQa2df5XyyybW7Pc6R16iYUoC6f,4
19DAVPvo4W7uRjakbAYZUe8JHZgnfMjbt2,0
1Pe7wWfFQBNoV1zt8FJkJJLCCYgecMq334,0
19s9PXuJALfiME3H7wCmUGoixYE21LcE4f,0
13uGdNTViekUMeZjbY7bmoun5wRZ3ayWbv,0
1826QBZ5kUoDzZLVm1H5AxBzeG1wq7FZm6,0
132u7iyRX3hGYdkE7MHG5iFU3YfjTJspEK,0
12eQjLAXmkVV3BbZf95yd9Njb3PrKQdrRw,0
1LgTGtnQX3NBSQ6BgZ4XvGBwi3xMMz2k9d,0
1PEw5kHBEW571yJFVKZhhi4NkePs15LvHm,0
1LEX3tc4xy2eBHJ38UkDyoZsfqiVGsREP5,0
1HRMrWNmN7DBCUKTJr8E7UnxzDXnKuxGbX,0
1Hd2PmAw9NnENpxfm3zYG1cUvGb7Wn4NX,0
1B6NcSdspxv9shwFBrcjo1Yh24VAb8mcbm,0
1CcAVRaWAHzE7cStw3W26TgeusZhUnSFGt,2
196ySZkQhN6uxffq1r3XSdAZfKPMykRb7a,0
1PjdGJT3rzNYhkW9fSfckShHkm8GEoEMwt,0
1ZkvEgT42BwUnQxbFGKfFrXsRSAeXHSPY,1
14wyPPnKMwXcPPj8FmzgNT4GPq6ZoDeHKr,0
1744YYjQaNSeUFCz2dtfYQLs2XYPQhZwRG,0
12sXrPz1ASHLY2JtjPCht3meF8WtknFcWZ,0
17fbDihR1CX1y8XtpPMW6ABjqAQ1s6fVKV,0
1DVMKQVvN52DgjBwxsaMhpRwJWwqKDwpAc,0
127U2BTVQ23td2Fh5dnmdAo6HTXQ3qbNcP,2
14BvspidPdHZKFMFi4keRz7cDkrMFz6Sua,0
12bCunvH78WFxTHqZJVHaudMCyuVDhyD1u,0
1DK8nSLKQcL5ysLfBZWKAPo8WscXhCFjWX,0
132dfd1tstSW5LrjuXAxiFxeMUZt9xdd5a,0
1FNTpsLm8Mitdd99YC1tHSyN2dVMdQiWYo,0
1ENy1MXcKUmKEa5uby3nUazbJF5Vf21WLk,0
1NRPAFzzic9Hn8YvjgyRDjza9XLjp9FrNF,0
1DFzRod3w9y65q85b4kBsgfMZHcaAsiWy6,0
14akcjc9r7RT1qivvQFULc2QmwCugUNxth,0
17bStuGbR5F6hauktt1N2BPCcZz4za9PmS,0
14bswYju5LLcfJGcmxdH6S27fFHjqTpsR7,0
1mf3f997fAfHamKtLLMRdhcPTWND22Vs7,0
1PJAFeszLofD9eUeND7ywhqyE8tw2g47rw,0
15hpZLPY3zaRmYfXp71icuF3iFcMi1LpWP,0
13xoym2Aov6H5SDDkvxc4a5YNd8ffQZDiM,0
15nT6CRdwedDuqrt8RALWUuZBA4QhpMG8f,0
1PR753WUNAXEDgGFpD1anJAYvoC51cTNjS,0
1BstEGUM4cS2TsVMcf9wwBr9Ghx3EcT1Jt,0
1A5N6878e6LkT5E852qyPgpfKdKYRH4wuZ,0
1PacXnK3yC7GbEYNGUGxwuzBy83jfcnYzo,0
1DYMsJV3pckiVSJjRJ3kkD6N8eshTU8ans,0
1Jk1VFdYqyngUZrEkKkUhsXuFfqYNj5Rzx,0
1Dg8M99LkreKTcG4QF8H3ySnyT721ZrL6Y,0
17s2rRdcVDHHfDvUc3ukbJNqCtWeFYEhT3,0
1obk6ozdpiktqmREj8hHHx1xJ94cVF2gg,3
1KdpKxCdUbCJWZjQveaw3r9h4cNZS2E7Jv,1
1K9YPNam564ZFtwUziNCfnyeZZVLL6PXXh,0
1KzxnMWo8RT7xguaLfqyHoS3AS3rp25PqV,3
13zvAh3djJBHse1ifizwtCti9C4hynVxfe,0
1NssVrXDNEuEhKBZFVSdKRXxLUDNEMQCGz,1
1NLBH5uQaNcqfCmXNp5xY7HLpQHWWv3dMk,0
1KRuDKF9kbttwTmecjp74e9pwAUKjvtBUx,0
1AeZ1yqnEXeEtAS7BdvPztjWfyiuCJ9WmX,0
1GVwY5HCpdLRZZURR3ehyMgL7FJSWTaz8C,0
1Dke3WCzGJBfLis14eYY6pqj6zJHZKsu5X,0
1DQbfjuFMfGbDpfBpboaqygVpeUqNLKhx2,0
15KnvtsJP88EkqpSYWTx3uCjwMQ9P8a3tH,0
1EkgnypYd3JnnUsAC5Wv6jj99gzveNYMNB,2
1EUtK1YfEkAs9g3KpTeDdWtRBncVoWTNVy,0
1P3FAMS8PsyvC4PaKXzCm6iYqwzGdXooKX,18
1PwTgMoGDAzytfJFZvNzEzMeAAk7PhVT3e,1
1LVYAk2cDNHJdxYqPyEbQBDCzem6aD3Z6H,2
157kHSkGfguMaPCndEu3omAHuEfFQw1AHL,0
17SXQUfDKigyyP6rPN97A1tiSNQ5vWQVo9,0
1ZTABNhD2bYDvFskVZGjwLrbEt8oZpy8g,0
14cTGSeQdmBPVvFqNBdLC8Y854XqvuFMjf,2
1KcXtfstnErv6xyS3kLYwLsAdYweinme8z,0
1Dtt1Ds2bLeryEZF6vXzVaGymH28PhyoYX,0
1DBqvqfLQV92yHJb43EatSDejJXM66JoeX,0
19CmGWG65LYHnD3i55psmYWvpcvdhbfDBm,0
1MYeCVe9Z451WV4co5waVzZMFHugxqmKRe,0
13wca6HwXpDivPYKxaNtkHASiM9Tqn2yKW,0
18RQsiDP5U3y2tLF8W7T6sJyAHjUnpHb23,0
1FXCXvaFkrizXA1ZR2U9vQhue9922MduNB,0
1MbYeWeJfmrRHRpjT77pRGgroFJPfpN9Y,0
1Mzwnm7ajVaQyKkpeFXvSHP9z9rFbeJuv7,1
1EZwQSmKSBtcJJNN5cjfBGoXYSj5GtUxiE,1
19WzrnZpaRL77cQn8c2kGUEuKM5vwbDHLi,1
1EWqJkoaeu1PWyuVoRKMR7wp75cmqYVe8,9
1D7SSKdoD2vinxz7XV1HS7rLcdeCcA8BBC,0
1662cgefvUN99GhimJuBQS1wi3z3VJ9udL,0
1PjS1ytV79E4LASAnd1KUr7Wt7HYxVY6g7,0
13UounnD2uD16z1N4G97mD9diNkfdxmGcf,0
1GdxNJuADuTBPL81VnExHCJSpAmoehX8Pz,0
1BQcZmFdJNiuGcDQPrvc4H774nf325kyXa,1
18wTioWUVHqcysR5HDoK8Rx4GyqUejhYcz,1
18TKNbSLTrd3a2W8mtoH5uNzFhWRWNcuHU,5
1SiojFSTRrYRc9FwCDHbigxr5aDZDxuYE,0
1L4efbBXRGcmkUTLe7tAz8Th9b8yn3uMc2,0
1LoHaJgF4hAKMLgyz7zqjeJQ1NR8SrKRGC,0
1CdrbxGpX5uC26z51rg1UYxboGgQz7UBPe,0
1FTubD4NuLQp3rrGUBZJPdDxroVkDhUUyC,0
13UKWvFmJNfRESELoo6smKsuoEJYhMAkFt,0
13sdkG1jFubL6XVHWqYLUYkPisHNXsyMLi,0
1PYyqpC1eHdxzciRn2PyQpMYetNxzYwghn,0
13ignD31FysQbaBBVJUzffcQoFxxEuEcbE,2
1MfsgefQZtad9ivzAiSWJUhJ1WBngG5eEJ,0
1J2qbib4wSZ6Rnb9XqMuwyN2j6XM9jCKyn,0
1CMRft7Qxj8tceN6nBdLzYpeoziRv89kvy,0
17M2NkpVC8ERHwyTQcwfDxh53J1tD6HpAZ,0
1GVmhYq9M17qRtiC2N46cpB2WrchM1geeS,0
14dVLPCPoZnscqrBHuFrK4VqnuRDYiyz13,0
18KvJ1NUa2Y94fAEdzbB1PMaMQCX3khAMq,2
1MFG3TkydddRrsxqFKEjRbU4XH3QBKqBtz,0
16GXWF92k7C85AsMwHUEyqVhuPGWP3C6XS,0
1EoBGvjdrSPEkuPy2E35k515N6KWwJYr7q,0
19fXnE7DeKfqJ1HNPtgkML3uCUMt99TTcB,0
1NV6nxguYLr18NhtGzkNokZpiB5rXHn24t,0
1DpNPLpQmvfCUzJuGQsfssj3NjyKaB5sJi,0
1Eooewky7ruwnh6fiGTZv4kbf3QwheKP2V,2
1CJBrsmjCpJzfLrm2VNCbfXxmXtmpDxpQU,0
1KqLRFkmKQmA8R9gXCALZLxznNFfQTZvqt,0
13KKv3ywwJ5WYovLgiCAaqpCVuMDEF6oxo,0
1Ebekbb8BZux3WtSHuLTW4jBjjmb9UkRkY,0
1NS4XTgeoUPnJ1hFJRzrsDYouHCZ16idB7,0
12BWopaUPxS9hrNpuoydwv7zAFqhJou5hg,0
1HAKDZ3EJoMNA5FuyjqngkxakoJzEPja1G,0
14wM87S6VPM1QmAKy5xpkSYB1gAVFJNXfk,0
1945qfobZxdnmVJ6qBd4FgcVcWBhDXKiTV,2
1BGFK4uWrYzdLBZai4UknUDboVnmzusaeX,0
1Pzc2TLHLkg6kbJ8TRc9aMFpHfWtQndRuW,0
14QzMUZ1EAKQEQFau9d4YSKuXgMVLKHCUL,0
19nS5gMgbtQVH5VWyRQ1wWHPwqzu7NCMaB,0
19eca4abAYxxXrorWuc5mesN8WLVim5b4j,1
19YdAVBeuHVestA8jN2MFvVDXfyh82WJQH,0
19Vu6obtQrUMbYt9ZTSLSnxMHY5od4DVeG,0
14FXT5xMWjkQaKwwfYWmHkAVaPSpEKNEae,0
1ByXyUFbrvvpJN4YRyfG3r4PBZ5otpV2qN,1
17y9dtQwiT8oTFB7pKEtq6dEZSqdKvNqTb,0
16aZs8kFCMy73bZ3qnzxZNSKt6A4qWJS3E,0
1Ed1mrqE9jGwccGibSpgJs5RLGrmMtaefD,0
1BSGbFq4G8r3uckpdeQMhP55ScCJwbvNnG,0
17feRqsSLouJxLUW5E7nsn7u3uRV3sudGc,0
12MgRXkiiNxyrMRTapzp7NYPsit99ZSTSz,1
1JVkRzAosyDu4ujTy8VSHR6NSctjDGM6UR,0
1YBd96LtTxdD6SX54VYsPrUo7DiLyHbbv,1
1P38raCcjSxpn6w2v1VuM3Qe9v2Hkme5PG,0
1eU56f3ZAjhJGcRVtqcVfVYMLyP7BXsgP,1
16jk65wQGY46TUK4zdQN5BcsUPzjAxoV1r,0
1HwC9CNY2WqijcS1wqUmffh9feUdst5P1X,0
1HFiYiTvXUY9CmkU5U5kVUZ8aPTV2khhMq,0
14jtSZM2Hyrkvj1YDFG5dmmmartFxS2qDq,0
1DJq4SAcbEvAEPuQEVSkaMgHqwR89nVWaj,0
12uayPKkQ8ZifPP7vHGvojNTGJ3Me2redk,0
18jbcRQDU9QtS4xcqYbcUrRgzuPReHjA2f,0
1MW1gV156VDxhBKKiXRukuEH2dj4ACm3Rk,2
15FrMqEv2xqTxFtK7dYh461BRsGtYtTJKe,3
1GyVqbDMd2kzyEQCByBAeHXY6v76GdptK6,0
129ZQG33GmqYRVSCw2hw7zmDUCvvMsuGbC,0
1FgfPYMU8yp8dT7xhuFcCHkjShvve2Y95z,0
1DkkgX4GxyqwwDGxQWXykgN2xH2V8fPPWi,0
1GScNju5W7LEZ8hRkdtgnddJChZU4AiLHe,0
1JqmDdzc6vcCUknPV4SXX3F9GnA99w6k9s,0
1BWRB7CaHZQiQLg12KJ6zizCFUfPRXk73Q,0
1C2eKwD5JtZBrQfc4Jg7BctBc1UPMQ9aYL,0
19QCUSu2YYddMEczym9hx4t9RUzjhbsur3,0
1DWt9vjknEX6aKqE1JpYQjHksFuBHZ3XQs,0
1HBdb6oZoiE12PixjLFoA9bbzPt9z5x6Av,0
1FJEkk3ViQM1LRX8qfeKRXAa6J4EU6vR8o,0
1NsHdWRraesNWFvahJJjQraEsTtVuZv38b,0
1CijeRwPF6chrev6sVAk7m4AtT5Mh7tq2u,0
1HxWsmK9gpkh5igaU6BAonFemAP6QsaqFZ,0
18kYt7ghMdMgVnJkvaeaDDXMyU5bcT26Ag,0
1HpurLdrAUGQNnbeJE12K25R3B5j4L6xra,0
16uHQwNUvkDBzNwgYb4fPkjMMxWddAULCE,0
1D2kp4eyo3QT8m2X3BEJZm2uXvHtqxQuD6,0
1DGFtv9nY42GUtuqnsUuA4o1vfyy1K8BD7,0
156inyc5idfHPPd8QksKFmmQK934AKhNca,0
1D3hzQnKeQuKoHZ7vZPu8bygiRRMvfhSow,0
179xc7pYCiZ6LVZhF8KuXa2uoGRkErSRkX,0
1HoAqFV4LDxXoSJF68nsEKamc8kdMpex3E,0
1KyrfF9T2CoHQgrZ7wQ3fuUJyH6L328bsm,0
1EuttrML1xEvbtcTatxQsEcMKKQS48qsE8,0
1Bsu1Au1U5FHHvxqYfQiYJkRshPYpr522i,0
18M2JotYqk8kLhDPMJTtSFWhsB4Zu9xkYG,0
1QKMyCRGHNTXLxtvqJBwVLdfVNbH8TGfNP,0
1P4y3HKKF5deh4rUBUAq6j4qjuqQhC9J7t,2
1K9vX9mb1y1apLbXNXtro5A4QNAm1EN4Qe,0
1CJvgX5gssmepz4jVWKSHCy4UnUfDDuoA2,0
1GjP4Sdmfz9K2quG7krpoMnoYPAS2Cf8Ha,0
1Av1PfQ1WWL3RsL7tNqYATqdsMW2A8ctrZ,0
14ft2x7A3vDQ6Q45mg4umCvRuqFx6QfZv1,36
1BgX9hDU3sCEzNbuHfN5VoefZz9P82LosS,4
19xzbXmr5jnNq75QtqPDTDWNZsKiq5RjH9,0
1FxYNbTbUfmGhF39rHZFPMPKuBQcDeZbY5,0
1Hv1i7ZYxs3DBENBZqPpkAwx1rrywLcNxM,0
18VQkuHbXNBfpVLtQWmfgpvqyVVdW6uiEG,0
1DRs6msQq5PZs4XD3VU5aVGb5vvtEeevnH,1
15u5DArn7HVG3e4r89nJ5gnr7R8PDSETm9,0
1PBfZj8hr92eXfLa76vfC67Q6arS1fJBiD,0
1z6JZiPJVQYa8JVQcQZmeHCtCeocfyDmx,0
16NsFTH1jYxHjNrHQ5aBGspxpgxSohccL5,0
1BLdV3hmCTMqcxGbEtND61fQ5jGnepdteY,0
17Pbr3nGrSDzdZj4xCmzykruKzteNC8N5v,0
1LDhtux4ZDk9pwdTGaJBjrNDXDJwkJUyTt,0
18VQ4xon6BkbQ19YAphzDwieoFogGbryY8,0
1DFBhre5ha5FrjoFddGSEXW9aD1rZKmS4a,0
1KNZDbqfHLD5EkN3nTXmLPgDci4zjXKJak,0
1Ay4Xx721dWPosk5APSr4N8JFitjcKy7qd,0
1y3y3BY96zk7hLc4Y4UGpcVbwrBg66wN4,0
15ebPYBixt8C45QeHAZKxYh6g5uPmcqwRb,0
1ER4FZ6Gcb9pahcjKi6xfw96DsM6eFZY8B,0
17uammXedNv5mvFwyuBGCcvJAdnZV5X29G,0
1Fxb1jX88fF9By5siv8PRuFas8sTE2w6BS,0
12f5GLvyVm2PMKwLh9DLaJ3QCDPKPQ9GhR,2
1HYFVL3XAq6rpd53kJoQ85E2TGyAaxyQQ1,1
12BophTSQvULvhba83Ms256A9a2oCRGnKe,1
1FNAMMCxVLPHpN33GrwzN1yJfwNDRDi654,0
1CdqHKgWNDiMt558YBApCEqu4vm8UH79Fk,0
14cZ2uLgaLzQXpyXSRMNdLrBAPcfV6vSV9,0
13rn5fAMdbMTt6pMt9X4YX81BXsoJZqQ2Z,0
13yAsJWRhc38PL6HhPM1RV1sTc4c4bLYap,2
1D848AT7yKmxJLFivssYjRamJoSECxTj4T,0
17UNJtE4Ynbgw2WaXPxHzUXGAuRqoa5Rgk,0
19YmMJ33gHRPQSbsVhw5jyLMccfTddCwNf,0
1Po8JzgdmioAHa8d9Xg2zi9oUYSNXiZfGx,4
15PMRvccYofjQsLJY1hsATPuftHTdex9UF,0
1GTsf1Mj7UsNjThXm1Zz8qqQtj2e2hNEq1,0
17542EzrtYXKk8K7ttXkDmZLqSUZSmkVrE,0
1BFauRrihVetoBGvU78hbCCN7Z3VfBpiqf,0
1DuPxnSPMYeyciGEDTCgPwsu3uRqBqyZJ5,0
1339LtiM9q8KtDRX3D7ekLyvaqaDeZuQY5,0
1AB3PgTivdakj8NtoUQEUaVAkCDZH8DhSo,0
164JUZ9uAeUR677bVTYX21adaRESJPvzMR,0
1Q25azkCf1nuhHvyBx1BJNXSpidjhTUF4S,0
181t2WMEBn6Wx1GXnoPLzBbRyXKaB4oewK,0
1BffBE8CLoG9XiPUPAgWM6Z8inYFCkceEX,0
1Eoso3EX675SYeKSNK9hXxBoLo8CfqsjwL,0
1EXgD2JDahAySApzV3zj2hQtjnqjLu5koQ,1
1HFKJWbj1Xyyg2MnwyKhnxv2qX79tcYBsc,0
1E3gMguhtbdkcZfaDWWjvAraHrrtowUeG8,0
1M8sdwWZGb3NhKAvTGaVVQnDBqAVb5EHQ4,0
1J1ciiq8RdMgCGwCcVdTNkbdfpynN6Eza2,0
1DDTVZn1wWmYLaqvSGm3rkuPZ8yTV8MDAL,0
1AionCF4SHwJWp4NoFWdshuZAFXCkNJuon,0
18dkCzuK9nwnDjVsAeD4HeSoq8eVPSQGpK,1
1DYrzn2X2hG4kejt1ANKwVmCVszvYnLUq8,0
149uLD8uGsNbSBJ42PR9RDVwY4mqt6t5tc,0
1NDGKwfjkLGDfXoU3HqWK5yMgkYHxomQdj,0
1HjyXAiKf6ChgFwhB1MnX7PCWZennVEh3q,0
1KdmkaR4YcDdi5EtahiU5sxGw9wZrPxpet,0
19Nzg21hQQDAY5GTdTTuUVPA4MaE7AusXz,0
1BcFcGRMt9eusNTgRsuKsLdLFmFiMoriFW,2
142RbQe7qdAqG64UjzVbeVwJPiJ12D4Sak,0
1JeWoTYowiMjBtEwrMX5oKCSi11UZciuSW,0
1CQ7cNYwWuFsPo2ajQbh3u11G3krPNkvU6,0
1M18ECGWdGgWUmkDRetwxtJ1KngGbnkUoa,0
1Q2tVXp2DEgZ3tbXhqA5L8oRLDN4crpsfx,0
1DPesjtQPqDsyyrgse8LsWUDvgSZGYU7CG,0
14tyz6Xb3NEkMZE77Z85iq4xwgZFXdKZ1Y,0
1EmNrW4TFBBWZywUCnUSqrupD4SqVYrihS,0
19vqPt8qFFPEnBGbxdMHyqDZYWnw54pnsz,0
1AmHZYzz5v9FZeSSAD9cjHUPp7KJ1RoQRv,0
1JHW3J3fi3QaGmJ56F1cGaYWro5Uyvz7LR,0
15HHtQAEf52MRcPHK7uE5Nith5bAQYioEA,4
16DcBcAcQNXr7QzYjZFNmzuqZAVVgPHmpv,0
167WX6Wpc7ADCSAiDi7ApgBAo2kB4jxH92,1
15MSaZrwJ7yKNbWWq4GdN86WVGXRvNkWxP,0
19L4pLuT8WxfSW1MfFku6bXs4TzzxKBWMF,1
17PSyYGLGQj7okX3Aj6cWDXRoxqwD4cByA,0
1NrCdHAMpgdEN7G3THDbSHbb4DXMiemyqT,0
1516xMZBMUBK2h5tEx8QqJZkKqTquoPToa,0
19gkSkPWCzSvJFBnfqARwpjrpZEn9EqR57,1
19Xg58ZvRPi42QnDkDfQYyNUQ3d7SZrtug,0
1MAfqHfh9FQ8YjK4sfUsKAmQ1NKNixvhKT,0
1D7Q1bUUqAsCt84DfhjcQWmvhXiyW92Pto,0
1Pyr68X9TaTmSrN7F8C5gwCyAhAuzQ6axc,0
1BLv1QLEYw2LgbQD957ebX4XHrk6CRNLSF,0
1KjWqdFeZqACu4jRPHnHurjFf4joxkD2Bk,0
14VDU2DjcuSrHCz6Gk3Vi8pqqeN68ToUvK,0
1GmYkYR8ZEhQyZ1vjp1QenjaeJ4tZKQ2N3,0
1JqYjKdgkiD5otmHQFdQV82bcP6D41ey2a,0
1CpoKTi98EzMMB8q8v5hxz16Mip8tgXNac,0
1HHGrjKFVTQogUNuisR1zmTa8uqY6JtYZc,0
1E8TBaY3ss9Cwsrh1mo8QmCWjbwsDyNxnW,0
1JhuzfThsBzTAiZumaBJM9fGzUbpkRtxHr,0
13Z5p1mhcy1geWSGWR6mLrczHuJ9fT2zN7,0
1DxhzsVbxhXuk3KRPGNSxy4koN7GdZGPD7,0
13SecR7EGTXQ4LHGWvYhbAEUbMnFpyMWHG,0
1MHctKnJSdfcnEpqQRZtEHaW8ZPfFuxnkJ,0
1M8vkQMBwBKmbTZmAk34zCnpwF38qfjydZ,0
1xfPxLcVuK3VrgVCMzhyGYQRaFzcMiFu5,1
168VYcKkJ2yc1GwjD9H3vtJh6aufYq5KwK,0
1fysVa1MYc3Q5tThAgQ4avM3vnxT4y1xc,0
1K1Nj263njNwJZ4whnRTj6aYZ7Vj4QJbgW,2
184Sd7g6VehYP5a2L6snGcUVTSpafj93MX,0
1D6P3RowQFfVpBALKdLJzTi5JVNEA8wdq,0
17EuVMv7UbpsMTaQFw79mWnABGYuAbYgaE,0
1KicjS7yNWrCUZDfKVEUxs9p9TkvpT5uGB,0
16WKRHu8uH6jD4Ypxdp7gUq8qbibGSYByo,0
18VhXCdicx3vNwLdrMtL1wNU1jYky59wkU,0
1FHuMP8V3JCqaDwmkwzAw7BuMWkxQbWCAD,0
1NURZSDCdKD3DV89g7A5BREmFxjiQQaCnm,0
11pkP8WevFseavrDBiN5j4YuyZzbJDVZ3,0
1AvVihY5mTnP8gdS4T8AA8gYGoXrPEKCW9,0
13PwLdwLD7WZVw9NL2DgpBoBDSMjXosswb,0
1Cos7HMcRMVQ39XTuZ31H5Sc9AbK8FjhX,4
1DRMaYDrM9KUhBMSD2mcujTcMtDW9RxfMy,0
19MPK6pxAxPs4Ubody7gSYXDpaKVNJnCNP,0
171LeetP814EsyRHrcnP6nydPfDx6JeNpb,0
173tANz6HqbB3TrRkAET3HYKmuMBzzocoa,0
1BLhYLMFyqJXyQKw7556wVucBFfSFRzWA8,0
18PZBsH7XL2ih6dZc7H7gLsBJwPaM9L3aW,1
1KNhfz2dFFxGsesBSGEU4xUJDNMuZWBMXh,0
14i2EJ5Cai8LgZf2hsU9tAiPCKMg6Schbx,0
1NHKSD59iAGX5ZAGGMKuLrBySQDfN1gQC7,1
1NQ63ePV7aLAqVLyNGeU1TXGqKkt28d4BJ,0
12iYb4x5m9UC8vrfFAV6k85wTN79rtR2cj,0
19DXezw4FjtP8gMnMYNHDxRSgFqupPquoG,1
1N4iPyRsvxP9QQYY6ao1B8qeD6uh7R4HRE,0
1DDNTRc3peMk4WcDPJdzmZaBojXzLKoWq7,0
1C72RH258RTTTxoYRNiTPQkfnEAVJqNzaC,0
1Dr1QtxNqdr65RhukYWcj7XPCx3YKVg6TB,0
147ELzVSAyF7C5SPaxzEd6eJu2Z3qwYXum,0
12y8VJtvY9yUJ8LYPbcvYD4ZiuDtU47f8z,0
19UuetuDSbGGf9g9A9xTUqDvkNcmjcvCS,0
1F5wZ531nrJwQ3dUnrV7CqTBxoEGLdZrE7,0
1DspA8Hbsc8Bs2zpYWz5dXZhYka8ZPeVVF,0
16MUqY67GS27yKiDJ5VLt3djxdi8SQRkSu,0
1G1VL3qRy4fvQxTZn6uffYmnpjd7xAu3Ao,0
1NWfTrEfFXR7oqxvX3av4gHtqBtKytRVNN,3
1wggaADfz9hQL2nQXEcwW2QWHpzg29SaY,0
1C7DyUmNYMqjxqKwxxVdUeZqdnSFmZXMW6,5
1Pi6jRXgYNa85DymjucDJZ5ZEXjEr5ynMJ,1
14wpq6Ketx96q4Vh4f5EGEtv5xDpZ5Epa7,0
17Tuc6Jew5Pk7nsn3xkFPtaerQSf1TVZTP,0
16hu66rajvTJfdxbojMsXKa6cJbwBGVCHb,0
1NWqQ6HKyEEyYDnw2pQjcPXyc8hUUgZRiC,1
18jMAN8R67HiqZx1GKkpnjMT6MoDmwnkJ3,0
1Jfw1nD78Y4MsmxHkfLNv1cWVDxBXYKcHt,0
1AVphqLtDsggBoDfczHTh6CV34Af3gcdrf,0
1GdALPhMoSWqjriZgH3vdSPkabSJdcejCV,1
1HpzSqgW2smqVHVJ42z7vCRY1w5nvLVtKJ,1
13Ut7yEB3VSPsu7jQrmst4Lp3WiGXB4RdS,0
1BDJ2phu64PySiQRXMo2Kgusdfs5XjRBXK,0
1Ces3qvmjBTo24EvMpWTiVJj6LsVcFDDXf,0
15dXyga38oPrGQR2A3S7oRPxE3vwuu6QZZ,0
14zMkuq9jSwwiWj7SA6cReFnbTuMnVzVhm,0
1H9oXX1HsxFoxjgCN9fVDt3NbYY4LzZkt3,0
1F5D6aa3r55PbMwue3Uqmk4cXKkWpxAo2d,0
1Bwtfqry5MwZp2LADDnJmUeFvxLpMnCsvY,0
1KSM9NgkiNqh5Amnr7FkDaGBXaLMKxkGAH,0
1A4eQmP2t7fPkCRw8sZUydbrQdhvUokmhW,0
1J52Vu7r6vBQTmxD2ARCqqTfDLaddFfxUj,0
1DhFR2vR6w17BVzowKuySjzWXmP9ap29jA,2
1MxPuRzhHUDWNV8zBkfUSgcDKnAvgxqo3J,0
19gLNEUTMfEohvUdoi51KnP37eqvUUgunp,0
17YdoGWpCW73nndnsmf9bnDrPgmkrgWepA,0
1Kdywp7yRt8GB21YZpFKw2ANnV1AnA7aAz,0
15mGGDfCehCkBdMtHmpaugZPjz75BpHbfv,0
1QESdV3mBA1GrgcYryeXp3BeeTFt6dz6Dh,1
14eDiK1Mkp1gqXuUNZWnCnZrPTMSjNx74c,0
19akaVkqawtbzjKTKS5Q88nUimZQFpLzRW,0
177rZTrrWZNE1cL1Eho7mZU5CnUEZpVib5,0
14SWwJK6fpaA7bjY5Uk6TC7H6Rx43NMY7z,0
1Co649gE8u7X8M6Ks5btqU54SpH1RoF5r2,0
19SzntTWXcdh64TF8Mvxf4JB33MxRsbNKm,1
1GtwCv8jwbyH7Xs2e8oKuH5NqQujzKe9Ga,0
19PevL3DyqGsafcNX6KqwkmPvofR6rpU6b,0
1Hn3zyVBoWcDB2HqDLSj5rzjBLmPNZggVP,1
17ZdX4AYfkG3Uv5Bhv8S648hnRik52PsYR,0
126gkjYAmg2Tq7P3MFmBGnCsrnZytYwJEc,0
14pctNxDPuzDg95WQhB6ccMLLCaDT4j2Ss,0
17ig8qFmgYTqNLbie7xpCi3n6BjNkjBitg,0
17ifRHsQJYyWycmBqcSvSN2Nu14NQcykhB,0
1DTiegZdnGoqWagAraqd5tBApjRgFhy6af,0
15sNvEaPDxF2Kk7FChZYTZ3LCVsfzdkkLR,0
14mkhLfekWgSp9j1EmzXXcmk8DHzRXc2Yq,0
1LDpJM9qLiVwJ5SML3T4SHrgti2297TSLK,0
17S4oE21kRw51ZpyWQL6CsBaytNphy1Jsz,0
1NoTsT1nWfTUkxDD7aZj6HkdRfeeJ3MvsE,1
1QJSaiGH4P5THXSfZo3d1xvnPA4QAmxgRa,0
17F7peVsLYvSCF2jjbFfytVxmYWLMfWYk7,0
13b3z6AQdsvSVHbYRH2qBzdBTPEFdShrVd,1
1Pgu1YJE8hnMhtt8uRzhy6ySdX23SRibzw,0
1Hr12UJ8qP4Pvvpa9Qbn5oafk13xXjVJjN,0
14adS95uTEmTmohheVPGEaENs81FSBVPLp,0
17hY5T7P1CJA6f7cQf35N7Bm1ymKfcochE,2
1CY6nc4ZQq6VDGEsJcTto5cL4S7CdtgwVE,0
1HPxPCzUFEPzD5JqFbEUKFQZp1CETaLT62,2
1AfBPwYxPnxvHNHMn6z54BexaK35snMsJc,0
18fxE6xHcTjhqKNGRhx3W8wCBTqRXzXe7w,0
1AYrsXVqB6pK1xUnp76nsEKCV2jSmAGDvq,0
1E596syyh4ZnUdxPVb9SCDMk7mebduEmNT,0
1NuPJgtLjFSnvo8N4kuMtF8p6C1qsMBrVF,0
1EYeKLu27AHJjojgYPZtzeQYc5zbri2DHY,0
1PsrubJZHfSnRP2TuV7Ynv8uR5budnCZG9,0
1EQKjb3fdAKctecRENUhLjFbrdLxDwV64D,0
1HXD5xHpz6cxbrqNekzGFTow6gjeuTNR4j,3
12LXsMTtdN3ctoAK6LabrZGCTpq4pSqWin,0
16xaCfZEkUMBTA792k5jZhtr9S6NdEgJ8y,0
1PXnZGHpbD4oH79nJo61RmuoFT6LD5btzf,0
1Cr7iiJp2KGCUVRkxz41txSXbzoJ9AWbuy,1
14rV16BiQqWHqdVcQbyWQ6naAp1jS3dEEC,0
1GZeGxKDZtz65cpcpVD2rwF9hgP4Eez51o,0
1JFm9JJbdyZxfk1uxNAsdr7ZZsSxaAvVUS,0
12vNsPa4wuFhpEbPQ2T9jyCFGxGJXey8iu,0
1MpirHF7RTsBagRX6Sfxv2EAZ3LaREcYE4,0
1yHVB4P2VGQu2eBG8CgT3hmkZLgXJYWay,2
1CBvDM2M37ExZjWjJDKEED7c9KGNEHY46k,0
1NouNgBJtH3KccMHGE3MqpXxw2eVSGpwby,0
17GPPuVvdRFeksvJ4h6eRLoNrkDxvW7oE,2
1Jouk68jQSkxH6ccs9shPfRsrfiufZdAnC,1
13mqSy9nwzC7kXLH9iaWN2hZ3jBKjeWK1Z,0
13ujPKP2BGcRT4kquHs6fVDWEQVHJZzR5p,0
1HeEBVezxJU3hS6jr1ccvSGEEMtEy1ue2,0
1FnoPSh2SbhDpvhLaEYbvyWkzuAgkbRfBn,0
19sQthzCmDsS4QRsfTaHH1Qfj6rzAZRiPR,0
14RmKfxJgVtuTT9behfFaSn3XgQFgkHgvA,0
1C4xZgyrNrdBQEb7vzfhLs9o5j3L2hpNCp,0
1DeP2GppoYXigAis83cEyEUYn6nK6D3nzH,1
14BhQY8DjK1CMJJEGnXhGhYy3kYwbvnpjL,0
17p5La97YEyeqMk3pnBbRPv8h6g5xXxxFj,0
1G8iJP6XX1hm8GYaDQdbSA1bcLx5XCXtbQ,0
1CxpUudWR4AjeJid4qDkusXWZ4uKx5nSoh,0
13BSBMoxKZ7qL31qa7rHQ6KsGM4KgKuLqG,0
13hC5D1KTqBUXT4SVTh9jJJHTU7Ap36JNe,0
1C9rTweJiETsXaVnLScBE6vXPB1wt4iJF6,0
1D1wyMKZmcNj4eq32HfW7fC4VX9jSEwKJb,0
1LUZLsTEYGxyfwvSK513Fe9dxD5uizZyvk,0
1Jc6SoDwFtfacqyL5Ltyq1PQR6Q6yCsRgJ,3
19NuD3VsicyCUCQ7VTZxhCxnFTFz21ffuc,0
1KX8EPDcziwbGaC7oDHDuKE9SfLWMmmbZy,0
1JRcVD2nQhTrKZTWU6dujdsTc74GwC5Eh6,1
1L9si3jrQE7R8GJ9R41jLfWQWRwXCH62os,0
1L49pJa2Lzf3dV6rNhPtKiPXwYoD54KQVv,1
16GiZwR2Hm7jCnBhuDWcLiAbqj7t5HaP81,0
1HXyf2FChJJNLYkhyryAPse7sAQQFbPfJk,1
1MWSYR7w4hNWaUCpN7cJE45Eg2B4HrDo3e,0
1Fr71F5zPnefLiFtmTUx5rVU1b7BT46jme,0
12EFT7eHCPSac3Sogj99bfhf8nbj9aNXEu,0
17v4AR81oFJLAG8jHDKJKNKjSvY2QAmf1V,4
1EezNvLv6k5mWfvhpQQLe7hYtwcS6Y2qfa,0
1HMF7UtbsnLFYTJVGVhrSp6XBoqQBd6ypQ,0
1ENYKDDWqdSjsxHAz1uTUWnJsuU71EH561,0
1FPtqc2qdXPUec4v1iqdBLYYqDJVGFXDP6,16
12anvt8SMcw78Bog8iushnJ3QeK4jKbY3e,0
1EjKuuxLeCFkvDHawYwFeeP1T9V7JiM8M4,0
1DLkuzSMAZLC5DU67tGAibDoxdrVmcwRoP,0
16WtdUBJPLw1YLXQ5R7crBrXMzafjoNBgg,0
13wSB9reJU1jNkUW9Q4RkEAiP5fSZNMaAh,0
1Lop2zBA1zWBp8GyENEdT2AeU7kYYr7g5s,0
1DUXP51gGYQ4RiDdbykEmvUogNCtt6Fiju,0
1GcaAwn8FCRNmhnMMk8dzmwXZFhxKTkQuk,1
1PWAbjjUqb3zT2SJ6atSPkYXCyZPYFJgxm,0
1BusDNon2iUD67Hkt5bctt7CiGiJCJZnKN,2
1Lav75sSH9xp8NZ7jeL9CL2j8TZhLKzFQs,0
1H324fRTDTJ3EkjufamMdvU6ek2Paa8FXt,0
112cHpSypVzXvv61qAB1S7HocumMGnNdiK,0
1EawqXvM5DNAfgcYF92CocsBJAhz3oYmqr,0
1KF7KBi9PCtr6wzxxuiEZCB2h2eqRSU64v,0
1PffFg9EJHv8t438eRxirYN1ynJp14xYy8,0
15jAcNY9AtD3hFeLd7ww74sBmQHYP8WQBa,0
1T8it6icUna6t3sepQ8kGV6GKw6juasCb,0
1KX7eHkd6vrUpCXkDwtKa9SWCJLKvFtKPj,0
15kkSdmdpNQrWkZTZHp1iwmti74CouaLQ9,0
1JC1L3TvLSfr6sckLPnBkFn2EGLgaJwon7,0
1EFZAwj2K9NbdeboGK7pdhHknfkUa5BjDP,0
13Ptaoh1rYkVSVSCyypjHi8wMFFfvzEN8d,4
1GyniLiVMhmr1RaWQJhKJ9R5KtNxYPAPPu,0
1KCP5aEqAFcp4eFr9J2ZonasmGeGRm6xWm,0
16BW86Joj5nhRowmywbAgcxGLJyfBRsyau,0
163VnbAH8msUqho6BUPNc6TVZkyYhXUM9N,0
139BDekBZrW7rwhytYiuDjoPcDY8PuiY2B,0
19trdA8xUTdx7Ddi7TwU5pZ5QpyQ1gVh3Q,8
1DeCCcuBeiPytm3b1oGzq4ehtDHWdbGHWg,0
17ivQLnRy925eyF2fdmSqdTTqXRnaUDSE,0
1FHZXCByBtR5RP5VebYVXxwohg6yMgDRg2,0
1Bm4oXkV3GMab3rGZUzJ9TKhoxLTcUbhR1,0
1LnpgCxdcVQ1nCPyey657cpzPkgfzWcggT,1
13m37Yg91eTjafYGMi6NZ7TWRBF6spqX74,0
14vr7JvaeBHUXJp8NBjgNZ8yAmM26KWj2N,0
1JTwLWsduf2mfaCRLXDb11VaXMTLjnk7Ka,0
13rzJtFrZczpEjRH9G4hMJCNBLYpjSyT9V,0
13aKCb8U8jb62DnnM4WgiJYbAYGnA399t6,0
1Pzz4GEV2W26VtMa8pFGRmNiDnuVfXmFoh,0
15fxSF8Pg3DdJvXxY8BDxxhckRP79ynd79,0
1HgQH4DpFmJJYbyQrEZ5RQkPvU92d3LJaX,0
1BnJERBvSSDCqskpFqjStZSwJ8jxcfBtZV,0
1GuhRZ54qUmDcc7framf9SzRjqTxgqsyLX,0
1Edvb7z8RARx7F3Y5oi9ZX8tQadq5RfjSD,4
12dm8CJpLN8n79Lco7TPFsPQfG4n9raCRM,0
1NYMSCdTCe8mt1HnWybnUAhN8h9eAfJr3r,0
1Fo5bcXy2brgzpMvVoK1Q5iwctLfe95DqB,0
1L758oc38h4UHZs5S98cVArru9ghF1qdcW,0
1AzACk3o9KGxKvPmJ94bnPFoER5x3RZNBq,0
1NCT93KW5YGbgCRS5HojEXV8BgyqzQZea6,0
1EWcrRvB9sQzM6LbbfLCZR6J84PbmTp3xP,1
1Mv4uiiBMLA7EtdvfAe9aFVMex4EBayHu7,0
16eetj7BMfMmyX6TrjsLKy8amnkEN36EEY,0
1L613mudpudfJ31RAN3rrSKX3MiHG7oGEM,0
1DPquxgPEpCnYRZBtHPHFcFR1UCJSf5wHD,0
1HAJ4CWGEyTgFeqAua45WC6zfHjN73htvX,1
1PwiEaY9H5MSEcW1PTn7NNmn6spyaLLPyo,0
19WdiEZEv28bMS7YQkxKN5C8TTEg4R5qVn,0
1PMxVdu2Sh2fh7nMzAjPQ3f19NNj6nyKne,3
1KP9MwnpCtp7Si2WgL29EVR27Gi6HXbrAz,0
1EjfvxqMsEau5HiRygv3p5nWZG1maFQDq7,1
181yNrTELniax44qgzSAQmtntcytBi3bJR,0
1MHNiQPY5XUkGBYrpgPfHrN8PXWT3W99ir,1
1H5YNrz4TLYMUWcuvwSWR2QQC7xyDXymDn,0
1B8aidK7kHmU7zMoacx6UJ3H1dHjMjQw1e,0
16K36xwujJ1r4oHu4yuHmSi1FnmhGw5ymp,0
19eprGjxmyMSPag6n8LPcJUrAaC9tEC5L8,0
1LL5R1pJ3AHiFhZQqF2Xb1UsG2h2H6dJWz,0
1DY1b89RmiE4MSw3iBNMXfxCCCxYVwmVNz,0
1495Fv9zPd3aCgzZvCug1fkKDrNMytp8Mj,0
13R3a6sg7H3ui7LwVAdCEkgrpdZqxLY6rz,0
1EQiWzc6LsvuRcREJLzdnc74EBLoMk6XKz,0
1KPmbsYnZ5Tfap84vUFqnUoXKo2faWwMkg,0
1NsFNk9nq8h5XnzHLdwLL7ysK63F69NJt4,0
1AiUqMJmEvRFTZMA9itzvHwQu3tsjwFKDv,2
146wkj47LQ1gTcUtTfM6Y3gcu3X87x5yCS,0
1MVe8JQMJcwmTmfbNjDs4dxU4xnrHsCxAE,0
14VEF7mFozrYQdeL5L3JdSwswCqpBZYhZz,0
1C3ZVWCWk5EJHppTcSDFscQADKaKVuBj8z,0
1BwF1qRJG5ciLQ64tCfpDzGvaTTfgJ6ZPZ,0
168Aa6sZ6gaVRXsc91CQ7GrTws7sdTggme,0
1F33oJEogL4G7uiBRNtJwNjUPakJjJ2bN1,0
1CvKcSMYJNXz4c815Tn2o1wxu9DyVxr4xT,0
1HQpCAsADBxYp9dY9kghDEZFbaAoejo2BY,1
1MX6o5YTvU2hLWVhD24Z1HsPDu6MixKsXt,0
1NNQaNmrn64WJ1YH4cTcVoYS19ZVGUiZqR,0
1Gk3AS7ej1nigzpz83svpQTD5BJt6VGaid,0
1A4ATKX7yqWBzMXQKEQcFW69AiHKJyR2uR,0
1K4Zv4CmCv9ERu9ZAEgg9huUMa6JLyue1s,0
18J6VEaAEtGpeJgRDvgTm5m2vN3imgtxeQ,1
13VjXZ89cWhqzmti8Z7VJFdyQeqmVsD4gB,2
1DXrn4vFM8wsVwCEmRpTYKFaf83hymWXAA,0
1EiS2J2dBWNZ6W5yE5LpGfbi13qUtrHYvV,0
1PVgK7vJff3ftdbNukkWQFk2Qx5HzXNeXx,0
1E3vtgmQL9jYDa6WpttExELYgbbbjCp2gF,0
1EeXi9eUHQd8oQAh3RzzVG9Tq32DKaqjRf,0
18Cb8vR4psgwAdv2AutDhTuKP5SGGTgsNS,0
1Lfw7urdMDCcR1kvoKmedjR5KCYHaLtVE4,0
1N657g5M3RBqi5zs1xoTqFwBh2D5nZWj3w,0
1LFS1jouey9NLgYfvVEPnPE93qvp3gGXrG,0
12jeLeogXsbj8gPGSJo2Y6gnECehsgin9o,0
1Dv7oTVrbDH8AeW6YLuqs3pLrdRuCz54XL,0
1NvRDrwmdhjsthkL3DQLHzrLAJbDyBQ5N6,0
18KFowoPrvirnDuSxvztonCC9Vtc5hNdhb,0
1tBSE62h1ExGvLkh6xu65RrkoqVWc46Ms,0
16bDK8fpnnGjCv5nY9fBvZ3mTfhdv322Hz,0
14JAtSeaU9DAQxLzKNYk569k9W87cE8ED5,0
1Q2hdu1gdm5dYxS5G5BaKsjr9YteVNUFAj,1
1G4r4KUiS4h748xFwgk5SrSDBrwggtDXae,0
1RHEW2L14R5SW7NcZRwCT9mzYryu27axy,0
1JosQdwnKpHFjd75kZ2R7fT68i4xAk5igJ,0
14NPnxuNrYA3VZkNuWPaVJx4fodPpgttWh,0
1HttRCNekY65Bf72mLMEMy7PKJYzxF4Ffw,0
183Et2UmxruaS75XzZxXBVbUVE5YqP9o6a,0
16jEktkycvCGPdaxvktfQrXpkFLgp7yn8i,0
1M1Zyd7JqjvmAPh1VZhicSA4c4Z1BYWP6d,3
1B2og5VJA1Ych5yf6ueecNLqvnatnJfU9i,0
1JHQCx9f4nU7FiXpaYtBQMUAXKwPycyMbe,0
13Mjr1h8hVpBiR9uoXuuM7rgijLanaLfJ5,0
1H7JtfMunDskysqMZYaQqeBjWf3F7Nu1Pc,0
16sXKhzPuTCCEX8beqSojy4NQsK2YAokm5,2
15HLy5r5rFcZqFh5DzmUN6YFV2tUBWwx3i,0
15jgokmfszYMP5Tzz6wuBWDpLAQmtgb34Z,0
19txjj3CN6V3kLYwWwoucMMkTFiUxJyubg,1
1AM4VRrqwJGebMaVCY1cR1dDJrsVpsUvTH,0
1L8p6naw5jYDaSkH5ysW9X6k6HG82ERLDQ,0
1K2YDoDNSxyqvdBcVYBdeXUnT59mYmB8cw,0
12i8up5PDXBpdR7Fhoed91je3DHZgDixEX,0
1LJmkDdE41cRYXjFYvUKarRRwN8ceG1LNk,0
14RPwsfArYDwPT6wxVsT5dmpFvEdu7pnkx,0
147p44ktqzgqef4VfqyVvZrHD7wYxzv5Ho,0
18Qjyq2tAgyxZoo6q243gX2KwJUFWXuyrt,0
1PgtsVZqa3wb8Yy2R7zYBUDnACATtw9Q5F,0
1A82pyN3EQTsUWdsBTw19dynhTuYuaYR7S,0
12VisFih6wbzNQy6rGiPLztLwwiv8uZfTA,0
1Dzf3kFQp4Zb1yiQvpDwPeMtHLCLQzd71h,0
1mqYCV6dvAzcgiY3W2DFLei95uKoxvdk7,0
1KyGTikpjtpaNomsXJcwDtwbYdMWeXfCTq,0
1MdTMtpxjLAQrbEhajhK533yDAyrqFh6Ju,4
1NULWG9yj5H6sPejZVXCKuCxNDQaddgf6,0
1G46YQe2TKiWrmfh9dusm2C8c6RTFrTE98,0
1N51o1Y3hyAzvCHQ6zDxaJv24iyQJ9Hios,0
1BcAxYzJiQPUJt9gJs1QLB72Ts48syFAEL,0
1HXEjGVy3oN5VUo3G5QjUUUFaH8GDrD6mn,0
1CczMyF9Qx1jU8vQEVGvMiQ63kDMPKcKWa,0
1PQTKnyxxoMeQ5v1YmZiBafoy6LxQC1pB4,0
194PmgKieqrqBRsU1pSbyTwai4x8MbEWH2,0
1CEvnowVdeois5aTvJpG8xVXXXF1A6ZD3,7
17ffNzTphkX4Hy2Jf8cG7rTDcp12WgPWtf,0
126VZtqifE91nrBsXRkjZRMkTTvSTEMHPC,1
18NSLe6KRj6Ng7R5dLD8kPY4VtfK7mqKRw,0
15ECB9f1pKiPYh5ujDFbmpHgZKJ1JXp6UJ,0
1LjH2FMwym4NE5GFeBxyNpK9sTXkKewj1z,4
19q2yeApS16FqJ45v6s24NUzqecucTnh3M,0
19mUsnGvgTGR8agQYdjfViG6reJJrfo2Jk,0
17LRZvfyj8gaQt9Kjigkbi23BxFLWgraNF,0
1CxBRuj5ruLbkHxSg5qmfnhAhqZbacLC7o,0
1JqFJYPdggD5qFbtw3ScSpLmdmvKitzud,0
1CGcKNWppFGyYYjL7Z2anTuNjELac1VWxd,0
18w6sinnBaKvk9EtYERJGr5NSWh8E38TK6,0
1GanyPTk33dGxRMQ1rwuWpmLTKU8QJEYQ8,0
1N4pjuGeF7EM4tsoQB2p2Xhu2obT2EAyKF,0
12dtzQ3nT27nzacSbaaaerjVXSgvMhy2e5,0
1NFEkB8NYkLSTpS6mgwdT4AZLFt6oVqiuM,0
1MuSHYb6eB5hF6duRwJE4hs7KQuGN7xjWq,0
1Jn1sEPFhu7ZA4DywybwBHRBh2yaUaMzkZ,0
1FHvMcNkbX2saRgHrMVevnAidyG73bQTMT,1
1PXRqMvWUkjpqduXeKBQ59g3r9KHocJ8WA,0
1AYi7qjHSnNUYYZ8vzfiCZHE38gNzcoH6p,0
1DRb2JCDCwsJXS381adWwS3RUi2jZzb29N,0
13SymbnEiDHaTgeZp1PRiu5JM8M8adh2mB,0
1KMCwvYd1GV7igStpUBc6P4eUfcvZDkmQg,1
1CPbT9pAPEdE4GG4Hi69Wm6fcdjTKend7m,0
1NvrUA98B2hYvmamiijcnneKQbLxTWbZAz,0
18jmhzHGChf7LvDSfBJdYU3KtBYnhcZ47V,0
19BG1HJFeGKWyhbGAYL5uqg7RDj4HJ7MGn,0
16UGjVLx9jcqLABn9Bi33LQJT4MHf9Aji7,0
173WrpsnWptQQS5fFWvhvemKJ48XGRCKnG,0
19KooVDfy1oLJJfbJyS13CCGjnNNdMMMXM,0
1Nq17F6JJQpLVUtciKD7rios8jtL3bmcpU,0
1NzrV8ZYC5QsA2GwCr2shRWVtuzRL3DniQ,0
1BMXXcqKMtywM8QLFBwktedi2kdARwxYoV,0
1E7omVoKbNPmDfFxPfZkAotQ65dFRsNX9y,0
16BypB6VEYAQy6YtRtT1s3jeSyqkzRGqew,10
1BxSDyLqGv9wQmabf2xeLTfV8Cct7Cz43J,0
13vXpAuPBKAva32ynmVufihNbsWB7yktxw,0
14n9dA9zDVTybajuM8TZ1MYSyb884hMaL6,0
1Hm9EV631AyZt3gXvSPXPfEhrXVDC4G4PL,0
13QmfgwvsCnY2SfGBPon779LaGmUpDpV24,0
12NexBP6VqJff6UnJKsTo7qjEAr58NwmPt,0
1PnE2DSFh8KUkZnE7M92SbgHadfyQ77aBT,0
1KYchmwDTqaaauwTnMY5hrCKazKLaTBTyN,0
1KYVPPGJ7meMoqHuqiQELRdzeom1Dxtwo9,1
17EsSDGW9MwbMrF31nPMius1bPPTVVxhUV,0
1FgREbLKDg8pYz8arm5EHneeCMLGC28uQN,0
1Kbmo5mxE6cQ8tbKz3wBFuuwyXHVWERPWb,0
1Nx28RmRdDpQ8ePtLj2yZraEXqinALYkCZ,1
1D6D5cMPmtdjRkTXqw5LvubuzQyYBayVs5,0
1CdCNKQwtQzxwJJbtYSRqyPdxQrykErcmD,0
17WZzH6TGKZGSZKbjJDKUvPt1uec6sz74x,0
1LkdL4yeA7e96PZkK2adCv6bbLrZP49xr3,0
16NppgM8D4cJrkX8sqpH2v8fqkWzbBZYwm,0
1F4nsRKqdnAY9291sk6uDZp4t5L5ZoGShi,0
1Js8XS5tQLk4nVCwzfJH1zF9hGU1SGyFMT,0
1Kj5afdvsztjGgkkAsi5zp6XTKgwy4snam,0
15FRfFchcugbeeNRpDVphmUagvDkX8Bfop,0
1BcK3xjci73d5zWHzyXqk1KR2Qmevr63n5,0
1A9hBTt9kBTWzucSYn4KJ3CisMPFQZSTPD,0
1A7HDKCT3sk7ZVURCCgR1EgtwYzjGLqU3w,0
1Pv5zQ8YpUXybCtBn13xa4DYEhoWHiSeYE,0
1N6398YvJr7iwzCQZDUCXF1uWnwnw6d3NM,0
1758jsMnqDc1uEwHY1wmWhXhbErWpeU822,0
16LcJG5Jtoppkzeu4RNuYv3Y1eAYkECXXP,0
124uwrixxCYeChuwwwcwj1BJD5yaZFyt4p,0
13cGR92Yx1pwod5EFLdKMiD8iVVEuzNV2E,0
18pm2txg4yNbagwC8pD6XwDRoMDPwJ22S4,0
1DzZJRgd4XXLnbAaER4JY5iQ8EtPwEWFXw,0
1F9UUHhVSYHcBxZwW3MFUsyg2wDnxNginP,0
1PzoGurz7UHzof2wGH3BBBfTGD6FkQz1wP,0
1DKPsnH1doDngxZwQ28DiwCKHKbyZXEaqf,0
15SXLoXQZdHLaTzafPRDFKvvyFDWwD1V5r,0
143LMxQVWjJqfjJd9WUCcP7xBbGCjVzpY8,0
17LtgyGtEqYJon1CousTCDpr3diTPf4K1r,0
1L5zqFahc8Ahu9wtgJqCeJMendvD174xsG,2
12U43zobq61whDKheUWqvdmTzSF575AGXJ,0
1PuDYrYxsXkBgvfq5hpaG2w3qpegEgGxXU,0
1CgHaWFmNW6qFJfGrLqgc7LVzjZEfjeuRf,0
17jV7ZdXdTeR9hijQqYF2iLxJAd72Ug9Hq,0
1GiPJBf2JgNxbmGoULuthGXAadkg2X5NGR,0
1BgR1jBV6FrJLgGLsr9DCS5AYGdQMYz3CA,1
1MQLDDNw8y5WQXevkLkeUohTXDxN2FcBmD,0
12NPcaxPjL7md7irXooGY8Hi4mY7GFFTS9,0
1GnyfDbPdB3HgKdAkMoErH98vsxJkUy4jx,0
14QFZP6k6qViJNtqqWjZY2dVfF5QwmGutP,4
1271tY1rX2ihMocWFCsjuvKSMC7kwd7Jed,1
12gL5zJhNLQFwxpn2n6B5Ke2yyErzBRDxa,1
1PG6zKQLTZb998UMGJQ2sXDBBDBDShg5EX,10
1MKChwzmhe3KMkg8zRthFU8DFwnxCJRst4,0
1EzAcQA14eMiTSKKAR6ryj3qDZbLWgVFQp,1
1KPfSznHtvEJSn7yks8iAEJAcppWauxYdj,0
1QFvA2z3zVq2HVh8SE8Pprta7V6uvyoBj8,0
1C7yXwoZJpJLhqUeCtWoRbrmvG5jWwoWtY,0
1Pq5HhzU7wVQPhffPw55EGD7UxENTZ1RPc,0
1EeFhvV5hFhuejMDj3Q8PakEcMT9htYQGx,0
1MXWEFJbupnYtegS2SRhFCfaY7kERzeWi1,0
1PzV4wxMp4gJo1Yp8PGEZAiCo8Ez7tysWQ,0
151XDbUyDZuAznwM1dJdDmyyN6rTQnkyoS,0
1JVu177JjRMwwEiUc75dBKrefPbgDEXVZW,0
12EWz7xXBNAcBdVkCnpYEhWwNarRdixfqd,0
13HkidiMBdUqhZ2esCi8AfS4uHPjbSZmLx,0
1Gqt1XLmNqBzQdcJwbChD3yGPXs9UyoXuc,0
1ngUhF1WnpTeo9VUrHKBRHDaHVbzy3rzx,0
1GyyEcpMWmJJXFXDvEAc1m1Dcktf53PUyj,12
183auLkCV3P31MB8m4RHudqJX1HZm5SxhR,0
15Bggw2UwmXAb1V3NN28o2cgaBdjf72D6w,0
1MumywUCU1pGU6AQwLQHzZU2m3wHdHfd9p,0
14NJwHRA47CxiyY4PTFt5N8NuakyEjv5mU,0
1Pja8GFbxb8NXbCobh5uSV8zqUHvXBaboQ,0
1E3B9efdZA4TsbBocDGTB9h977WztKpQyZ,0
1BXUkebjHrn6EvdFMAtJfyJPH1dH2JHSPa,0
1HxGE8BhDhx9bDDhxZNMMRJ7Jmej2wBeRQ,0
1EUcBytQnrat22c6VtRxTBFKabmmaJh3vv,2
13EgsiWwfSEHae25USdGfeLbKQUzVu1niL,0
1HLpPdyvvNFktPSURV364z3NE9UntHDuZv,2
15ikMUn6NQnr5u1CvmLQ5iWd18TQDQSqzz,2
1LsEEGvMcbfoqxFdDvQXFfkGyX6xsGzgq7,0
1MqVk6YkYsX2fS14CDbrU2zHhcvcc771r3,0
13Hc3BdTsuBk3rb9x55LW2PponkXaY1f4y,0
1GTgYGvWzkPDHPQe4PQRK1fiuHPR2Tmwdv,0
1CfSe39Q6jwghbBpaS2AnJQ8zRkQiQewkK,0
1KedL4Vnz9zrstReyfNQNTJVENEM5Dj5P1,0
1PeUw7nWZEUvqoy5hcdgxb7hRcDtznUCod,0
1Lp6haxKZ2YwfUX5ZPPNPFBD85xosuTtnk,0
15UveiRTnouieYH621EQTFbW6j6v5kpME1,0
1DqUHSsKngetB8dedkSWJqbXwcLetedF3L,0
16xxD3VMWE8E9Xgn4vJfSjAJNjwdiXWXYs,0
19AT7frgh6VRjpwnZRtP4mYnaruVrcYT6e,0
1VUhtCmvEECJrnEYwBn9dLymauz3WefoA,0
19fh48NS4wrhrWdpruFX2cuxmCUvDTQ4sv,0
1GAQJfg2QyocNvJdeWMJHTfq1zTmLy7es6,0
1CjZGGPKTnt6Xg4My6azQFVY8XsS6wSsTU,0
12FnsHz1mVn9TK7oXH9SJJDn5PTAuEdyhq,1
1F3K2YWZ1aQLfBajg8MvQU936jeTogjB1e,0
1CumVd3NXcFwTsudmiFfLmiUrceGm3JWYL,0
18f6u15zgfAQioYa9S8r4HArkRNKyxMac5,0
12cW22PYZQTMgu4X7MSRTaTFPcEb6v8bhP,0
13gHDkXAUfi3SmqXSGcpVSmmGiGrCsMebZ,0
1PnQorqFxbXUwNFbeDyMPfATwFyC1iMCeP,0
16nZ2PVQaVZEsGxv4jV2tVzcjS3F8h8zpn,0
1885SkNFLkQ219z85668MVD7jJMVWvuMrc,0
1A1kTuVbbo1o7YPdmRSyNmBfkVd3k5Cif1,0
1Leow84DHWoMTddXVFwg5APtN5BqrAtB2,0
18CuCQzQ1PVVX81nK6QeRZi5PRrtcafAb8,0
1Kjq8LJkk2eese51totR1GA4aCDS2D4V9D,0
19xG4TCA4SuirTjXFzNUTtjRpnrb9tzoX,0
12YPDGaVshLfYVWorEAWz7rSmTyd6vsNdc,0
12WqKz5oszpc2jMQDfw6os9zRm9VjXNaFe,0
1Pz2Z8yAiPdBQMu8ztP6jve9JHTbPsWYsH,0
1DUyJ8k3V3yi3WhV3ZXQnM4XhbnsJJGgo,0
1211FWm9M4uF98vt7EDQgAmzJSro22oFCM,0
12vQZJH75k4bGheiqrDJ2CiFGRyj8wMCFe,0
1L5dfDGVJFQmG9eLs1dXRGycEinxVXtL3N,1
17QzJMLcUhZwYsNnbrke7j6eY1zfuFAAgN,0
1DzyLmayV5yqp46EQtZExDRaE88prmnaHk,0
1L1R27mUqNC1nrKaLovXbqHQUsFDcMp98u,0
1Gq6YyhbJpeJyLewQ1kRuMS6cXkuHZGjyt,0
1QBMmD24baHgusrqUSXc9s1uALtHeuJsjK,0
16GxWeGxUUQiR8vUeYTpRn5sCRayycoKWP,0
19h6FPHrrPT3pvNUi6FxQdj7Y9j86A8tKc,0
14xHmZ83jTGcwLYjPzmwowyWs917n5zpzZ,0
1FM88tHs86DuTYFTbVPqDLFeQ7zVnBT6uB,0
1LqP3x8bfp2rRNTFfuEdZw9eRwU14fH6Fx,0
13EAE87a678xR4YyjmzXJWQ3AFUyqsgJkG,0
14GNXHcbjYxrnqtaTFiNPp9Wxqu8ne9mDg,0
172otXUuLjDZfksAWQHfMQ76UGTPvAP8Ye,0
1KrJVHkRWP94eDVVJUzBc9wjM61JVcsjrP,0
1JAsxFnngcB6gzHbhswMj9wAm6PJVgh2Q5,0
1HWScFsiQ8ExYxZxAkfjP6oSoECPHSSnPb,0
1M45jJpdcWWrmjW8kmbfRnsFa8UKiyWV3g,0
1B3g1eZxAvCiHPJh7NbT1y4fJiLn2SqsUL,1
1Ki2ZP6SmJKVmLYX8okdRPUVGnSPgWDnvb,0
1NVA1Whg2uw4xRqmADSicTK8YvAwUR3xGb,0
1LYRZasfBdu33iQsVCG5TzyrJUuVn9t7b2,0
1Por8k1frGozVHx1VyRXeUnGp9LHvdCBEC,0
1JKZ59JjUPMHyRkanUwhE1Prb7hsb4Yr3y,0
1J7iQDe3VPbLxa2YAQQk3onTtqvV3iQVQt,0
1DAU2NzGKFz9Q5QAED7Bep6t31sW4oo7yD,0
1HHPoHxWtdsDWV7iicHAvsJYcEsAoUsd1A,2
12uUjqhYUVCcF7bhfzRBsXxov1eTrLxJ7o,0
17LQXo8eSD879QPVB7d4avmumd7DDeMRX2,0
16TJCNdkx7GdFs28judwbPg2vvREaYwwGk,0
1Lc5uMCwSZdsTPYY5kpDgDM63scu7Vg7se,0
155MXpVn3LFuHiskHiQ94XtckAhTkNizNp,0
16fvBKfcde5p2eUbyaD9wDVr3ifW6E9SeA,0
1H9kLQkEN6NzDfz68EZskUNixkmdCg8emZ,1
15Mgz6jRSWhM1zmWyuuSsQifRwFBWGtUnk,0
1NNnFQKkFxZjqb7NazwzF2vSWrcQBLzxm2,0
1A1H4UTH12r1yVNjAMTcwwGYCPZKm6BghG,0
124P5QEF2uJ3RbhNbE4CQbFRmUB2N85z8V,1
16KRHaAC5hh8Z2PmPym4XxkHJ3EN9x3PJ1,0
1H7SsjXRQ5Q3e2CP71irV2ci1tz262g4Xf,0
18UtVNswa2N3KC7t5Eox2DDFFghXKHQWyr,0
1NyoY38X293VfrKvRVp8PHfTXhphNmKFGG,0
17oqpue82ZK2j6JDXkFn6h8fvUquC5YVDc,0
18ZYwkLKEEZDTnRHzLfDxrC3GEfyo958yt,2
1J4e8wbvFgfGZk1PPevWDv3L54iauYFPug,0
1HKnr5WKALvHU837i7EMRy6D4iGR2fU4Hy,5
19hGnT418pm6JmPYkzkDy3VABVtNnUNZtr,1
1BYyCrtLXutLHb9D8JnybNVBqtFUQBjeeU,0
1L3Z479xeT3nvfpnCo2RCaYPde1yMdKvKp,0
12w9CR6kEmWrpbDxqAcAwVMHs5sj8QdUaH,0
12CSGvigbvzMsMvdGw4iqMrbDbMkV4hJD1,0
18BZoDf9KMKtAfipGWkxRdMRABJ6DzJXts,0
1E58gRy73PHkNipJRaWZ4hV3XQAQuhv2wu,0
15uqJZ9m5WnZMvas7yV1zds18cYYRiYtoE,0
1HJDc8ADjYs3s2KE4xDLXMdwAb5HTm1Spk,0
1L4vzhAPNmzWbQ9gEdA6U6KuiSnPrkPGHi,0
1KUNM6Gr6XhgrnGEmMVKTp5tYeyhA4b5rT,0
1ABiJ7UASgCGq1deE7yxKaPvvKHyZucAcf,4
17q2y1R4dtutGrH7Nv27BvUs3UjpUWQrCy,1
1FBD9Xutf1ST83Qvn186xCGoFKWQuzZaQA,0
1918Gu5oekB2eBpEKH4US37b3mjZAuiTGy,0
1CjBhWB9BHZshFWAhJp2rMHHXuUW6urGXz,0
13rgdqmgJ2n2MiHeaPeFLJXXTQWZGdC8pv,0
1EaMM9hYabWaxWTX5UdZBcEM1s4rdJwDwW,2
16ANSAurqhwjyHsjPRssP4ssJnzYKhN4jh,2
18qUfEKkFrr2xr1n7bRyYMnnxeKckhZ6hj,0
1FVEkJygYiG9zvdszmaoD73VYtrKQeTi9L,0
1BcZuD5tYiSWXu36DdR6EJNeEmyusDZMUW,1
1KYzTvZqq3jSKTHmQQAToBywAhgcRDdGgf,0
1Gh4vvamGkdEgaWVjnk6Pm8Evouh8kmh9b,1
1JsAdNFAsHhbK3EF6F92SUM8Gbteoq3LvQ,0
14yZpZYR7M7XKh48BmhL9VHya38FqT2CFV,0
1D2hxGnPVzJ34Q8rbCAogqYWrJRLsGgAwH,0
1Marcq6vwQFzfPyY8jHEjTbwNA51qNbEV4,0
1JE9VSBCvYk3t4L95q1Y1aduNYw1LGPPSr,0
1NitPaG33RFJZYvUt2cm7Gqka77e4jsCP6,0
14oJxpGgavJAS4m7dGPiyTAsXd67M4KgQn,0
14zDWGdNAzBsfs5aXJV52tHeuocntv6Yd2,0
1HBrCRJvMw4qGCsaCJLLf5ZDeW3bx9FBEU,0
18yUr8Gr8vW31s37g9CcATCqiSo1ynnXLH,1
1GnxEjQiBhnqSRMnUaz5EKjbL8JkfBVDqn,0
1PH8dahctuHEUgVPDrqzzbN5x7tuLJyFUD,0
1mTcCeDw66xEdMj74GvvSPXvWzsh2fqoz,0
1MufD4JJZStpry94QiSnNaxP1qm8iESdwC,0
18pjqcwVpQWfNYXMhT98SNcxiSGvj37M7p,0
16WFBjAn718EHhUZqcNV353SRhtLzMUxQQ,0
1Hy1W2Yxi1ykKawTZrhb7kEa9kBdCcKm5p,0
13VBN5k57Rm16x7fuuDBQmoNmYonUzUzuo,0
14qy6qBWmF7dWd1zb5bsGndwkA5o7RDrbR,0
12bSRrJk4Uv9YUgZpu6GSdfANhS2X7f922,2
1LJVEHV5pCTHaYvbsUHq43QwtHgCZonQJU,0
1EWenvMuVYLAk7o2rPbU6ApVQwQrVL2zsQ,0
16FAg2jfjQP9MvajD2A5VkWKgsjiF7isvq,0
1DifrHesLfZNPMfS2q8jXmhFdiUhDaNdkK,1
14dkPHd6iBuHyQmyP7Qd2RMjJui3uQEPPJ,0
12ou4iMjAyeXnSNXESQAP5rNQu6VvwdRJg,0
1NpHnTd7Y4rJ6NnZLwSZHE8Cx3GuvhWPjY,0
15YPbu5bcM2qebtHgmeWUXJ32AjrZCpY5V,0
13KLbixeF2j3LqgCSRtXFV6GZ5ohXcMRPw,0
1EUeNqU1zCZeX6HM4GH16W7UfY5c1VnVfC,2
14U22jBDf6TCFXQd4dw1Rx32dFf4KGUjs5,0
1JRH9mchPS4Q2q5jSm8p4fRPQ6tHA3JY1r,0
14ScqMGDp1xtjjCYr6Vd1MKwNHWLP3iKP5,0
1M2EkZX3DH1ofWSuQNDYzhEV9xAa7W2Nre,0
14f8qtFXZq6yCtnLmSYes5BB8A5CTejw1Z,0
17MHwoysj3egN8qYmH5t8bVfozA8izEzqt,0
16WfRttjZ5G2sEZPxT7u3Uai5MmveHxwDw,0
1Es3rvtVbRsd5ujBBgwHwAuGPpFdi8YP8Z,1
1NKLCJYJssmwwkdnpz6S4agnQVGRwWizJW,0
121irC5HDsq8uGyJQyHRnzUpNbDw55rGNE,0
1Hxoht39KTRfkiVE15L8yYEumumbFunGiG,0
1LuHZeGXySrb9on5mf9q9LtYRj292y7qAH,0
1NHzQVTxvcPmwkebRb1qyhYn7me2XqiHoo,0
1EXStdEHWD6zb7hV3XgfaCoNX5fp2Q8Svh,0
1NvzvNZ1yjo9PSt2NGDwcUHSwSnRyvMFGe,3
1AdyLemDqcQbJkPL2XjGSLwqGM5LMqMWfP,0
16FsTTBs1ZrpxPQD1F1aLA5PFSqepfNvue,0
1GYx87UrKZJ9QHbWmXDvpvp5QeAtQa7VDu,0
17ThfiJQr197K4Lbtg7WTMhEpxEQ7ti25p,0
17CtN1gFVqgzHLQcYkR4TmLBRj8FHqjdF1,0
1Mz6PNnCJ1cwVK3qaH66QtCko5oNaHN4a,4
1Nnyafvgjpk4856yGvHABNgqteWJqpTz6,0
1KF3PHr6H9UYFQ4brK6K4f2gfXitZGJybo,0
1LBJYJ7e92mS5HViGQzm6mDHxMBE2Fzvcp,1
1QAzVbe31UHd6ymqBnJhyi1uhoM5cBK1KS,0
1CXQsFKmYvrRGiZsu2EUKKatGyA4X4QKc1,0
1EzN2zWhvQvMqhB4r4jhBTg55GmsSfZa4s,0
19Gfq7MYXA5UnKYdJWuXtjKGF9z9Bi1kRk,0
14XkCPbQ7GdarpYF3JF1uxjDo2YJzbV9ba,0
1NCyiXhCHxMMsG9SbcugpsPnCmLxbvGsu5,0
1PiA81Lc4rReeaZ3HuKNzLVpFdbQ6g32bE,0
1AAf3a8RT8anVvomhMNovZqcZvzMpu4SAA,0
1CNro9uUexAq37iLhujf6j1CERa3wiEkZK,0
1AQdUYRXt4ktVFoHj2rrg6UZPx4zgM7aSp,1
17sR9FtQsZsJkBKuvx6rFN7uuS8o8DyYZt,0
1PNwhgwwDV95mppm4UBtSzqTn8stXMk5qg,0
1Q1ov6TGSZp8bU9FF9aGAFtz7FuJb8rgXv,0
17ffJRrQutX7ZAh8JXbemLsrHS9kXsYtZ7,42
1MaTutZYgWintNTdgokuzp8W4TU1T8GLBg,0
1NXAif83mHBpEP5xqMWoWQWo99awh9A28D,0
1DWiCtsKvmvtQgBbbrosEWkxqkzcqCerC6,0
1GhXwWyXQUerCCQLGSNSTQBvtZ2GN49WbA,0
187oyQbBSRx8azGY8EC3V9oTsm6bTD45Zb,1
1JWkt8erb7SfrqpGMYkefNTdJKFiKuT4wp,0
18qYFmMp1AvGibYR4wQcp95f4P6BRcmP4r,2
1Ai9dQnbnoZL5DyA5tpo9qctVpri5vRAv2,0
1LrgSY29wMvEmJLkK7FAsWAWfGjn7cNqNT,0
177mQNN8qNyxPqnrXyeaG5yxAtZGJgUefZ,0
16woxNdZ54evfkq5brtedAcm3MqrxBsGoq,0
18n7j3D2nTbojv6m2rXbh7DmTBWzHyLwWw,0
1G4SBBsY1594hcQKWZiCbvJuhbuc52B4r2,1
12q6vRjSdK689FSQ3ho6hPzbnRubkt3w5C,0
17TZGuH27UDwq7S9eL4e8ebHCDUE8WQjrt,0
1JLbMx6YEfiZeSGdz98gVN1vdV5XPpRT5,0
15bUoPQfXL4rv6nJEuQsFzeNBYXgPPhPiQ,0
169FcSDDgedfHvBB8Kpkwso8jybsNCx3oq,0
1QGpaoYGbSmhM3PGhAbkZaPXYb55KJGQMf,0
1MTAaJNFDLyoAA7iesPm3PXTmC15udcsqd,1
19c85N2mVH3K9P5zcjYenpNHvVmZ6fnVAJ,1
1Hg2hXDqPEVwnscbMGxr9NKLewdpg2qv8C,0
17mpxzyKu8tKw3j2UPBcL3SdMS6ALmfkuq,0
1DbNNuN6HupqB8bKE6C6XED19moWWyVWuZ,0
1ES8v7Dh4HmzYVAw8kZBzYrZ1DsEKhZns7,0
1JzUvLb2P2GcLjUCefpehD5pTbTPoBgerD,0
1KdqFvB3vwb8g5uPDG4K8tX1dnA9RJHBGJ,0
19DxZ3YvSaWL8hqcDaE8YLxrtt6RZQ6iMu,0
1LWB7CaZvRC4ZQ7XbzDSVLa89Wg13U9S5M,0
15AmMo81EttmZpZpBeuF8Z8SMgKvpkP5Wo,0
1PfJahDfppwJqf5K4R8hiD2iWhHqwZLMkZ,0
1MMCKpEPP4DA1rEEXkWchwdejaqjPp5eGL,0
192B1uxJa3Ta6XD1ho4cYdnnQoV27tiPvX,0
15UJzbCnCQQiodhwXHQSK5B249wQnrEkkX,0
134Uxh1vJPabS2u2C2Lrmn2ydmqVjVXhSK,0
18vShxPbTcxT5pk1Ng5Kta6eh72XTuudCP,2
19WDt1jPMFQkASLxpoQx9hPpNiEdKwXikM,0
1JYJCSsva4rx7gXmEZ8tpkpHcfVHUhyMqU,0
1HR6NFHnYc5U8A2EzML1ZpxLBmky6NnWWm,0
14F9yAWwk347sapX6Ab7cczUUPs7UWoLeQ,5
154L59eWugHss9raWdnDpYDUN2z5xZaw4r,0
19NgvfdhZTx6kirkUM5vQhzNbAvM9hZA5a,0
1JZfHWTdBkEZSxZfs7svW7pwqQH47SaH7Y,0
16u7Zyv5kThbR1LeAgbNwtodKZVuYPjQtB,0
18zrGiYPgRNwoBLBtz6PBEKivbNBVEbxzy,0
1BgwZcPHcPBbGFngSKvzr8i3z7xfyj3Lx2,0
1CfcipvR1LvHnMmr1iVzkjvQL8eXme51Lx,0
1HvTT3RWSqP5GMXcw6hNQxWysJ9tw9ckGQ,0
188Kcs2KSQpG1Byyu5WJjmWNA5gQtmRjyZ,0
1LxsQZ3DME44HzsS1k6d61CWzJy6ZNLBA8,0
1HyxhSRFP1ik7iKSwTo7DDiBe8no1EctbC,1
12Qq5cBJMtkWbSu37fic5DhXxmtdjDV41u,0
1F4AJpvrfXnhEJVxeFio3WRGBRNyvihXV5,0
12JpCSXjEtUaVuo9Th9YnoSt2nD9cm7otd,0
1Cosha5dZCTMe6EpZc95C1AceFiSyjwYei,0
1DEyCoNBuVoFGWdswXWF17royo8KQbnSAb,0
1Gmwcr5hPzinbXjDRXCZtJpiQjcNcLrZxq,0
1KUZotkEjJ9xoSkTKPYPyj3cnUZ3TsjLk8,0
17UGTZU4uFnRzzzT36FkDbPRXUw9cpFM7L,0
13ufJ1q31XtXt94a717HFKg6nGgKzatWQL,0
1JLvziEJ2UL177qWiNMvz8YvFusirh1wkD,0
16y85Gxihunn7nkgkNRGudSy9FwBDyphpq,0
18x2MibkLzApDMNJfvRP4BjnzRPvRwRaro,0
1MZY4Ct4B8X5QTqbWSnt5ty1PbFrrGjeiR,1
1P7e9dLauaecGAGN8eDSfaYifeYtLbFiLb,0
1CtNGMTrzraQuQhvcR33haTw2Erg2tWF5M,0
1PPSbaxgNDkMU3em6LQcfWLCCX5qiyhUY,0
18ieaErSzk5YU7zdKM15pbhbBmnxFpbbhq,0
135eMjuGfRUSbwzphGsZLixYLHd2kYHNeG,0
15tw2ik3hQQchEQLWX7Wk2131Jw6KKmMvh,0
1Q1fVmWxfXeBy41r9EAfkQ8wZqA3djUHFg,0
1M9Z6wuLBn4kMJaq2Mj4pBQ1iZtTQSC583,1
1Jijy82a2j8DrDVyfgoEBGcATUfNVrW1H2,0
17J9ZTcLCe35W5fEKyikWk6BWTdTZ3RQnD,0
1L3GxCRZwXEh8VwpPAociZQdTkhSHKGMoY,0
1FTnKFNrdQtLHJSKKucLA1TL6SVxEfd3FT,0
1Fk4DVGCGoXAiYCUMU7z97kyxDQZNCof24,1
1G6ULp7PywotHYPbTXkLsob7QmKoqo13Ed,0
1DG8UzTQ5EsGBsXD5K3Cj9nVDAoAMbg5vH,0
18GRe3MxMjnpmtzLXj69hWfWy7rAfQbaii,0
1fDmsb5dc3HbdZBRw2RVM1tAQBbptZp3e,1
1HfmxWDPbU5s5e1iUBaz9GGumfre6j35bY,0
1CKQ4GLgTzKesEE63djmtSmZkPRBay4bja,0
19j3AsFK8V1Dzy9BDrJA9R7UccM8erGRSa,0
14rbkT8HxK7bFYWRw7fScUiFuXjVocjBnv,0
12hjZwapQEZLPxCfMtdwKYnVnJhJQURx35,0
1QGumSo8ja5EZeTK9uQGf3Gedo2frtPGsT,0
1AZaDiJuJnH51RWzCTVrNcPdCLjmqiwcjg,0
1AeaSwbZdXVXas4PmbAvx3EdPNfrWvQKp9,0
1Hu3o3MYCs611AkDbQgn1Z7AVXTBrr4zXh,2
12BTndQ82WvTe1Ph6XwGe2k4MLP69YJVgq,0
1K3BVEK63Kk5gm9vcQ9ioSbw64MTjDnha,1
1JhYXkoSoNPczw7v92WunYdF5swRCDtih,0
1P4pszTyLArkwY29L7VsPE8fwFyCEQaqnk,0
125ezfxXy2CcP22oiHDDR7KJbiZb3oTiKK,0
1Ersv1wtct7AnSdGwQjq66N3npr3RoPUXa,0
1CbcZfzdxFf5qQyydbJ44S6JTtarMDztP6,0
1Q8pabQYDSBQJ3cTMdwqDzFDjkc1zzQ1EP,0
14rBvF8Gi6jcCjc9sGZBW7tcCKMbMmpvNa,0
1GMroNco3PcEtSHoJT5KZq1zqe9JV5hNJg,0
14b3WrAfqJXcBd1SWhrh4zrTnCZsq1pSVX,0
1KGXHQDFAsS2wsuQHLgw1KrSH1P5W5Ci6k,0
19y6SPVzVFY9NA3Gie8kdn4Aed3TNo2yoa,0
1EQmNwnn1UWv3Y2o5XZp9avc9wjMmpsXSE,0
18h2iAVNcSkFxAWuBMupryzhDRwhbdQmes,0
1BraGygW4rXbWiYehAMEhs2XNNjJM6hXh1,1
1UtjX3aPEXy3LmMGPmq7jBeSBFWt1TUj7,0
1DZhFsfQNacJZjUrFHZXMCBc2qNkWm1yJo,0
13PA81Hv15xwarZPER98tSGwqz7egHNbfw,0
1Bdfwar5qRa56eBSzT6ST2RhQzKD5vrzuu,0
1ARqsaCY7PHXm76odvd8A8DVuA8fk5zujH,0
1Nb7f1NwFvnceE2euCALR3MooTCvdWxMwp,0
1MNZQgCkoKcUuUekpbTdFt57DzwDg7XoEL,0
1apvFupdrs8gLMSgy9RH1mxFm8a8tzrBF,0
18xMfDqDL9NKUEJ2s8TqN5PyDtJn1736vy,1
13VuoWSWYrUaVVeHgPQ9MGNvvSXaEokvyj,0
1JfBkeXXmw6HhCTYRkQCPbVc1JR3yfKY6H,0
14PXZ4w3Peu8Vj24s3fdbhotLq9Cx5hvJZ,0
1kwi5aVN3aXSuq3DFbFAVVEYHWjxqz8XP,0
18j2smzqda2UuDAMCnEGaWkoyQzD7GF72,0
15djcHh51fCt9GgAfFehARc4GYoVYLtgCf,0
1CzLwWMSvL7wty8nMpNe26D13e7HpaN5mf,1
1HjyaoWEpxFJX3GNMioMAxvPTSXAEc571F,0
16xwBuVc8abpJSxjTgbnbwDAbdiqT4QR7e,0
136iwx8vwCG7W4WNLnZTLW64kXiNRfjBtj,1
1Jw7jv4U4ung5yDFva2Ja8oUPrZEP8eiBC,1
1Hd7mP3oZ5FKHFYGV3JLFpTXkT2ie7g34m,0
1451zWpWjoX1v9FZyzSJqJjnwPbtYfayeJ,0
1C7WdGfsTnXCSH5S5VMUzrXYGA3rvEfAbA,0
19XXxQcZXf7g4sVTCXfw2Y9iLhPt7fLsFK,0
1KBbZgdW8Du5ikisEkw1yYzQSd7gW2EYZN,0
1NyfBTqxr2wqsmwNUX7oXVdKvS1QSoXEXp,0
14ayQ23wVZv4Z2ZjwctqxmtEMud5fLpLvb,3
1KZFqcf9VeRzfYrN3T5LpBFNtRg6cQ188a,6
1Bpqjnfrp4BKxdGFKs1akUzzqxAEW6dVBU,0
1NcA2fKKZirs4wLprYw8joFDbEfjGKgmPN,2
1JFtgK8r1jd9me53hTqs5zo5HjuRzEdYyQ,1
1Ho3ws1FG8awLxPx4je3WZNBqRoAn5Aht7,0
18aG17d7yDHYAMwvLXgVcSJA8hni5xWyCY,0
1psQadimp2T8JHwM85GneJZeb3mbgRDE4,0
1KptwN2uMWvdMzenSYGRg9VHndCehk4h2T,0
1MAuw6CJh9WKh538p2YTDvQQaFh3D7qgzA,0
1Erc4p6tCufYQod6mAPf9FiqkUC31eqGMJ,0
14hBsz2hg3YKAUeigArTHw4Ax1M2LGRi4m,1
1DDper6JifqXQoV6R9Kshzcd2BxyS47x2X,0
1JNhhV7sWPdUUoj33By6TPXCTfLw85fnay,0
1GuQhMcEoNuKQKaiyMgitx7fwCkteEsWyD,6
1Hdoe6QP12og9i96aBAAvN6gkn2f64yoUC,0
1LeTXQDgModMYdgfgXK4bwmGZYDTxiLUYt,0
1LGpwDU5djqsR1X14Tcass3y9fULTzxJq3,0
1SMH87NkpvY8AfgqACABLyYsXhpNjPcfH,0
14JdV8FdkrxKz3atoJZT7TqexL7KQZvkad,0
1K2MM4QeHgtER2HScsDYs5Hjy3DzdokKjV,0
1MdwB7pGGXCxgdKtQqSc1oxZP1vE8gNCku,0
1141qLXqx4SBy6FfAGXwgwBe6tRDUsxoa4,0
1HexxUThXyb8WBPWjE5Lz2zUC2mHNZzRah,0
1NzdSPXhFa4yPn75sCqKjDTwFr7jKdRXQG,0
15qwxRSZ7ZWVsQ5t8kTU3vGWrw7u8GHFLu,2
14eYsDW9TgwVW5cTxEmPcmpcJWYRm4Mh1y,0
1Dopb6wSiiBmAp6hmSoNGQm6KbZZgrvqvz,0
1Eg1kzYuxHMYn5SB6SgK2MGG9xjayG39di,0
1JpgBLgdk3KqQV8Ui1Fuh1p2Q5ZG8nSvLq,0
19adQG14tUDzcaZanwVeMfjdw81i5QXpEa,2
14TAMSaUwxxHMH6bqLEfYxhC5KnpBRM3o2,2
1AU55zPcrnqgP9arkJjvBSUn5aL7mDeuNX,0
16ctzBwwHxmLwpBvdkNGug78JQGqW2nv4H,2
1Mh8Rd2XADNYs8iH7eEaebmWXcsKcid5DS,1
1Q1MK4VmS85SVijC7bmrZe9TCv9WkdXh7g,0
1yqcHyTbX5vk1TSR3aLrkJAkHGgoQqwpZ,0
1MFcNK6NbgxKTgGsE6dM31r9mGV8Jjeuyz,0
1DRvHze7bXdiPWN3VgptaxYv9XVSQwwCa4,0
1JHfqX5c4cW9WgZ9YtKVZV4A8uMcBEncNA,0
1FtiNDWTRAbvwYDywo9aDvYuDNTjN1J9i6,0
1P3PCALnkYeM1yZKvxjBEWEZhB5BiXuZLD,0
1P73ZThiqeUgC4vBjS1fDFcE41JgmosgAb,0
1LjPip6Ep7kZhRbyNxwexrWEDiJpCVPzy6,0
1MTSikc2LpVb7KJYwsTcHZtKSSSV88z7BA,0
1E1Bxoreco9RbT5Kofh6V3TwXiPNtGhbQv,0
15qLC9AcXvYwsNikoWxLzNM62QzpHBWUKd,0
1QBm3RF6ZxeS8P7F4R6Un1rbND18zxeBsB,0
1nykJKnvDPwQpfpMvafn1xRzWqCv1Zx5y,0
1FL4qxDU38MK7g7ytSF4gE6rSEMQcsp9Q6,0
1PLtjPfFfcNyqmZcvmfXBtigZ8NzNThq9r,0
1JkT6EQMotCz6BFqPWFd3kFDQzU1qa119N,0
1GWaDDxxJuTvdGGa6mBWRcewFg8wT2vBva,0
14zVM6t5SgQc8RxkAcLWnFbJViZGgMG8Za,0
1CdPjVwQsYjieXTLM3BTgB3i23HRV6MFq8,0
17xSvmgSfk9Mo2R9yHm5pv43kd4PmVP5TV,0
135LrwnKj7zVhmL6Jn1FJ9XsNVSWjA38Ur,0
1Hk5yeEAsikXsa5t39mDpaFBuB4GymVE3u,0
1GYhg5qwQe1ceY8iDkWnqHoW6CQrHu9EqM,0
1Hu65eC7hSEZJwax9G2yzJY9YsA5qauyXu,0
1FYhEB7hcqACSBDXZ3V3NjEgCduHyLGHhZ,0
19DVCb9pfvLgwojacqgimP6fxbM1nG2XWN,5
12i7qeKKz69nU7YgefpaMDoef8Gf5UsphB,0
1Dk1R3JFbxCiUyk63afWHBQChPTJttZFER,0
1L9CYEb8nAX8p2KKdsDRmeQP6C5916q6gX,0
15tidLUvDHg3ZQvcLU1bpJw6WPZq5Ha2tF,0
1Pm4AfJJibCq1D6BCVyqEcJTff73w5rERF,0
1NfPjFYhQvzNkAGmNM1Z1GF7pbmmFCZ16,1
1DfSsFJRVJRxNzp1Y5vZAodVGr4YDeoXXC,0
1RvFvnbWdaR47BWYSFDUXXwSJhHeFCDJx,0
13MvDaLttfseTAJnSXkApAvHhvVpSFsPzX,1
1GzawxhSKXvMMDfaocSPiAEoGNByKUvqMU,0
1D7zzgLvFxPgyd5F1py33BMFb9zvycKqUn,0
1H2MaZDsQ2PKeD3ko1LqTGDUYwJZYAwCpU,0
1J1hWWDX9Cxp7EKBfGVepruhqiTGDwzpPp,0
1DrzdwLatLJ1afk7ZkNxiyYn9WpaFrghTj,1
1JuZixDFxc1QpZe4RJj7pcLh8USUv6nQXb,0
1MoGgH37tayzRbyVa591Xq3giajjhPKrtW,0
1Br4sp6NAP4yiPdeuurttTUGbtq8JQsrX1,0
192tzZib9NCMMqdxivvEysDQdGdrgjqPG9,0
14cWNtX45CHdvFijQtJMKftv52Bow8A2sr,0
1ByiUkzSqhN12BdLcrvcKQVmYFca9f7Ujr,0
1KzFWyzMd2BDySgHwWTwAZ4twvwLxEuXoK,0
1ME8WGsB7rtVLu76zDM3NRGiEqQYPRaDT2,1
15oWEoG9dUPovwmUL9KWAnYRtNJEkP1u1b,0
19jjWYv5a5rrTQuJdjijwQ5hMxucVDEQoy,0
1BmuoYC5nmrrpZsWEKe3FRwkGN9Nt4cWeU,0
17S57XT1My3N3drpjGSBRwVKh6DJ1h9zGM,0
16dmjyzSXs94FoyV8cn1RbERH7rD4VyA96,0
1DyUZehDtHuj2qcjpat9FjREWLVvYXNe54,0
1DQGktCLUbwt8KJndTcUk6Dc6jaUvH58Rs,0
1CWB7iwosnQDPgHDvqcv9g3AbgKUH7dnYm,1
17PrXazxj1Z4f9G8cyuXkZdYFwWjYXomYK,0
16wpUjtA6NEUt5TLUG9NPskNAmauRGXRVM,0
1GiCGX4BT42GqNekgWpNBbQoPuqePMxSEs,0
12MmpXksLVAGW12PUMC2cKt3DFn69riS7Q,0
1PEQ8yokGiYhB9e7dQVWauJySWFV6PE6AL,0
1GAsVnkSZPomJK1Eyw1qjAs7vpWfM7o5Ka,0
19HKvHqcJav38JsKywTwgLj6dGF8XBj9d,4
1NiZTes8m1LvRAw8apGQSF6eT7M1hUuyZa,0
14ccB2QFEKZnd1gLUtgr7vWg6JrMeXaQXK,2
1GNLWUF5Y9GHJ4ymfF3JBJHAXveqDHTK8h,0
1BW5BdRdtLAany8kPQV619m24Hr5QzkNaq,1
14NPKwBzpeR29MSBrMek5jRi4u8ABvMYn4,0
1B8RztjMcANbs6yhksPSi9WrTFAgYcTiJu,0
16ByGzYoApHM2EXcd2EWeMB8xN4UJwNBC7,0
1FGP4XE4FaN9kUjYzVQcfryLPFVw4y53aQ,0
1A2ZhyvLL5P1ggVNsK6cxNtkJe7bvoyxhC,0
13ovz4fX13F8hf7Wr6nNYsTgfhKg8S4qY7,0
15s8pP7EfEG5HZLL6gEKWqQKRFJ6vo5hDx,0
12ZLqq4uDQ6gY4ZuyCbCynDJ9aSZhKejXK,0
1NBgzYFtg2fggQAsQBeUj7dbjh1vNWa4iz,0
1LkTG5Uif2Db2QcDYs4ZuHXnN15snHJL8y,0
15oaoQYavHcZX4toGsR7hzp3cKddZe13Tv,1
15dQ7y3GJMSB5E2Ayb9SMQdddYppvk9VzJ,0
1CNoLhQnozyxLg6wTf4JaECPzubFwFkeZh,0
1JhFWgvcnomjeLeecr7kJs3d5XNhMUGD9V,0
1JVCxECHrnPD6jS4jLBk3RCfGVNDd5b6XZ,0
19KC2FvGUUVAx8ddq4dkxnrTwGidtGQyhN,0
14eF2c1NrFrgHiKnw3GGe5WcmbUE8iNAxs,0
13pk7PDi2KWToMyeR4qNSeHTCD6u4zNUs9,0
1PwbJ95MpBvinNibTdJv2y2HUwafvFoqvx,0
15eLcLvfv87WGXygXCpuFbkzJTegq7UjCS,0
1EgPLjxt5qSnHezH28JF5GmqkxujzjSBhK,0
1Jkx2jqz3vasxLLbXgAQw9RGzAfggpjPMC,0
18y1vddgsF5WFf1Xt5a6PTkjjYgBraL5yD,0
1N2tRPmxSLNbsfV77uMMX7v7C8vEj7vvG2,0
1PJgHWaZBLSmSAKRqSEY78xRTNSBRtKusm,0
1F9j2GZ4cPBJHAkeiUkcZdMuah3TfFkMiv,0
1LVHxEJEXadMiiVXJ4eDPHHJJNbeBfjCjk,0
19GZYbsvBP53KBGas61NWTF9TKFXApSK5z,2
12zYF8DoAnQBBqQH7PaXia1xJUgrDo5cEV,0
1KGouub2XDw5vTyf4qtgzQrno1ktLdtUnU,0
19YB2hxxooSLKGcreSg5qgJzbPnF6GDBJj,0
1odgY5kKL3nf1S5eF6q6ggzFQsHr77s9S,0
1FejqWd7yWWt5FGHifkyd6xq6vNCL9bBQA,2
12RRTzpUuj12iDRZPnectR2qpZWYGkpEQR,0
1E6mN2DRSzKhXmMRx4ZnCgQr2Sz15t8p4E,1
1J74AgKNXbhrcvZhxtWyhFjeWJb2r6i3Zm,0
18uhBprt8PzkZn9TF24r5FciiNGCbGwPhT,0
1LedrKpL8SLex2WqRFsMDH16FT1nFms4Ac,0
1KxAokP8rng8Z9HuSYj73aVtPbatmurbyN,0
183KrbGAnCx7vD61GUxqSHTmq1fJWePqih,0
1NmCMgciTtNAys9qnSYKMqGK2UE6c9VSRu,0
1FLEAE7q4YUb253CLnoDxrWjVVtHKTU2A6,0
1KQaNxruqxU4mSt8o7RtxmGy9HJHxVbKjp,1
14h2UejaQkeyL6to6tDGLjAsde4L6V3SZU,0
1LwzXYY65fRLB44LXQdmK33wgusUsUzV6R,0
1MSgUtNsS2Nmfd4NH9ocXMhKRHoCAHEHKv,2
1BdwQtpWGVWc6LzCoLCMzFJDYPfu2DK5rW,0
1AnfBfcuHdLnsnnkrfDGjxZMchxdPjcNPp,0
1GZ7sWbQKLWCNUzCazwL8fB4cCNRYhPXzz,0
16CzA8rJcUDuzcEbvm3bp39j2PGUoiU8PM,0
1BrYyHuyKt2c87wGxhLsFNfKh7eQwjmnmB,1
15QCZMBMqaHQpSrQZwEMjoCvKcEZhET4uW,0
1KHNBUB8pXxfL3efdisxHzVviCNkVFeTcH,1
1Jc7dsW4j6KzumEzyTcWnsG1nXcmmc17oA,0
1Q183Tg192FSAKhNfAk5tNFmSchpTRqPdf,0
1Ay13BEQzEX4u3Mff73bA6XHg2QG6mwTQ2,0
14qfP78T76AqyvCC8qCL5eJctWcXpYappC,0
14JXUJWdComjKvDSMpBEp2NYypNUP28hEF,0
13QdPvoy3ALLGtxYqTSXS7JkU9va8vDgs5,0
1NhwQQg6mkmYquGjAyhtps7wm7JpgJ6vjs,0
1PNki67ZmFr9YBTvFJp6x7o4R6TB4KZdWi,0
1NHLoFsfcNFYDfjBYYihRMnoPfbbJ5SZw6,0
1PTCqgNv3Bb3TaPSc5ozzhNQpYcG5T2AQJ,0
1Hnw1JwGw8Mgfp5EUkaaYnrV8qzhbdYcDU,0
19v96NF9t8s8vUTHbyyszrsWqsXYJoZXqS,0
1BJqaqhs2naTFLQutL1HeVQNunyBEjGCeo,0
1HHft8KXH4Tk9JhexX5LPu3MJnQPKk64KH,1
194aJvhRWE133bm5Lu4fmtULXhYjsxtFr4,0
1Njrvbw3YZpXYxAvJD67hgeF5QVTZLDfQr,0
12UKdiB5rWZMJLztsKg9jkfpUL3EPdnHv5,0
1AnwHCkHChxXpfqN4EPx4G9FLEzipceSBs,0
17RS4RHKVsoKtN2TBsVsgnpDvU9T1Z5JxC,0
19fEpYwwL8buaggYSYn54ba1JwQN2eXKqL,0
1LtYDY5iXwsuR1HtkgqBCquf3bsuC5G6G1,2
178wLCHn3DEqbgmNGTN2LrjRAA8pWPNH47,0
1KfFxiCM5XBshMoThyjaihdRcRAhK45N11,0
1AgdS19XGiwCeS5Z7QRo1msTvnrYL1UJXv,0
19FdyzEeWB7fz49zSLphD2oHAnpbebYDSK,0
1HDiVcxbT2CAUDZwJeAu8nq31HaNyASc4K,0
16Gq3skfNmewT6PVRMZg3acoaGBJpwVMst,0
1K64V2mvPpDckcBRomao8mr1znMuFJwefr,1
18pnDgDYFMAKsHTA3ZqyAi6t8q9ztaWWXt,0
1HWyH92epURpeyp3YUm8YLaLfjd4FP5jhs,0
1Ak8ebUV2c85XoapUY3T3jaaAUiMbvKaA8,0
1DoH4vJ4pdW7eu1UcYzD9GgdfPev3c4e7p,0
19jzBxijUeLvcMVpUYXcRr5kGG3ThWgx4P,0
1FWUKkVpNCdFmVcySNhBu7j4ZPCU3tGXgK,0
1N9qcPjD9sWF8rNePN3W5umTP8xuZuWzFm,3
1P6NT8a5JZsjUsWrUQKibdhQiVVf95xgw1,0
1Q9yKkNSoBBKSNwA8AeyPcC8Cs31iVZ2UF,1
16ihwsJP56njL4wY2dWyUJibh2Pv2exM6d,0
18J5J72EYCEqsySXeru2Qzwjg6gTSErBoc,2
17FpiqBE3x6PwbZ3ER3Xk1KZwSE2EXV54q,1
1NsN5FrXJ3oUJmMrGxqCFcGqsyc7Wyd44T,0
18H5MaG9xizN74QPEdUh5puamvaEd1xQME,0
1NwgZzMjH44cDG2CW7k52kFZUgiPWBtT7P,0
1Q1Vh8Mfr2yNeDogtJWNLMZCdxteCwbueE,0
1Lud1kWbXqzmCqtydKuQoqCSAbnjz49Fkt,0
18aBAcrahaQfQPx4cUDBc6i5rRFMzPfRBi,0
1Fhekeqzfg2vrsii63YiYKDnaZshYKVASv,1
12Mqx2XZmVrRgZKPRwpyYkcw5JZi5NZe4u,1
1MvXH7UqPFHRSC5a8ebY5Mqh3KbUaK66x1,0
18VLiDnJy9xCS5dwGy1EDz9QLZNWh4BZrJ,0
13NTyPjkPBeUHcMpA91EFhB1K6wHjijJn6,0
1CH4YaxFAFzGPfpe65ei4AeQatiBQF7VaX,0
12aE5u18eshAPcCYSTvALCCX7oewyJY7bD,0
1AGqfV9NxSHwexbb3tkMuHw3YJ4svSPVbR,0
1Nv1XLKB9NJD9D6BTwJeTuARuRtnUnCiW4,0
17tBbfXzuHFhqxwzJQm9Dnt1vHa84HgEft,0
1JjdK5cgH7PctqhawdsttnY2UT9a9wrChJ,0
12MkBopPPdF1nZcZqrRZEWcLJY58cxMYzb,0
1BKxXbfNBut9YF5unCjMVQAE57mzZ97pih,0
1MCrUi6bxAMFuJxzfXcbofFQmkXESqgz1R,0
1ArUZvUxGq29xQL3t5jNboRuA88tZs1NW6,1
15PdMSRUMb8iFqwx5oP1Kr384hTK3ADeuZ,0
15iGN5CAkTarcoY85XxwTYWajJyz5hxbYv,1
1BNMMtj3sFDbChMRhLoPUPnJPLM6Y1VcRN,0
1EcH4ntrQdg8TRB16vC7BJSjBFARYJnC2N,0
1MhVfNMu8BzNRpknpV9vDN5N86vNHaSqAW,0
1EVjdNHsuSf1Y4944xSwybmU5Cv99QXKV5,0
1HXyhe9V64hiYSLzacCGBzGZoUZGdJLGKm,0
1HpUzpvH6KJq8uhmFyKcujtipi3f9BS9sa,0
1EuMa4dhfCK8ikgQ4emB7geSBgWK2cEdBG,0
1JwDpfZnKrw54pKJvV3SXiorLNSPVWPhtS,0
1UCiEhGMLNaFjgRzK6u26CwU1aSYXGvPV,2
18manB53W9PZzzrwUNHHD8XSCZFY7AY5Sc,0
1CSVgDRmdaQhAATjvPERAXVb8wKPv8nLML,0
1Bz4CbwsZg7FDo3hYjTY4p9TVE123McV4T,0
16XrZP4z3Q6JtBMC8MgKg9p7x3UnU3YSVF,0
17iPRZAwYaZUSYCbSTajSxqD7MBmDBRFmp,0
1F4yNuWhNXkrf4pE4QMfZLrt7mRVzw9rrK,1
13u5n32MgGyH67CaXFViZKwSG18z7DJXB5,0
1BNuE25ArirNzg9wkrEfNWYgoyn9QCsamx,0
18Sb5pxmK7HNwG9dUrZhzzcAoX1n8FEUBu,0
15r4UdMyDxCWZzkjR4tttUrTDCwbEmajqG,0
1Gh8ht6WL4DxASGbyt6KtTXvdow1f4cNbA,0
179S8xBoDVZRXq1Wif2sC5uaW6sJGutezY,0
1JpRcGczWR1ACimiXjLuxYF22JcoFJfKyu,75
1F2m7K4drRagr25uCSGrPbREaauibSNVec,0
1GMWrF1254KWBQPnbH5upgLb3GiNrp9R5N,0
19ZeJ9gkcAoynABpgsrLLTqwJnLuTGMgif,0
1FoaWTmhAMVh2Dj81Te4eGixhLntkXkzCo,0
1GmhxPFkKN7fDatoXVwg9GUvsE7yukfQHw,4
1EmchHisE9bhNA5rqt5oUx8ck8TRh7A1Ht,0
1PaezipJ2KW8Pr31tGMbbCwKE3ZLB9dZBL,0
1BTz9EHFtJV2svEzXG9n5pGLWBJSUg7SAb,0
187cBjrW3qmX41JoFvsLeEtmwWPf1rZG9o,2
19aStAAG6q5LyknKvHzAdWGm47bQuaC4Vd,0
1AkFDVjAnJ1HnqmYPkWmrdu3CVS4ZpjrQz,0
15ysvdoBNA1xfvibww2TZzEfhJrQoMAjwe,0
149jLBedwSnjwM1Fjxo2Zb2eU7UybcHsLL,0
17Ndie9DZnwsr4WHQcXQcLhMvjJ6Hxw7JX,0
1Autff3qFUfeNMFXDDiRDEoyAoNNcBh3af,1
1G3zkJZcZuSM1PEXTZ8kVHmFhcK8CZyYkK,0
1K6nqT99uaZPGC5bzF4hjUUuf2fWB82WkY,0
1B9YnNe9g17jPF47GvZqCJkeLHpJZuamrk,0
1Gi4DbyUdoxohGrdNJzWnr9oYnA4Fkri3L,0
1Er4aPvQ9enH8M5RczpFaBBVHy4pKhQ9N2,0
12jLLvsk7eYFD5Et9uy7DLFqXdyzjiSry6,1
18ZuyWSyTPB8pLMtJJcGEyQpCx9YzfLct,0
15KwJDKZhz54aSVCN5rU7kyy6Y1ozUYwDS,0
1H8DHnsRf3TntLDa1r77TZtNbEcheRGJjC,0
13mwNxJ92sREzbJ9QLqzd6nkLKUF8YooDs,0
1DmXd3N46GJrCkieQugJg33QCVgxGLQj9Z,0
1MdmyN7WtQqoz6DNADDJq7wpdRYWure2Yz,0
1FnJxVzu8UyGSEuf1f1VXRkqDiDZesrNmS,0
16G4sqVjH3B573upYgAUY4DQKWzN1MyRSJ,0
14yvCgMiDPwHr4Bgbr2EfnGiFGrwKJcHbs,0
144fTPLyHSmWQLKv6Mg28DM8RYbtqEBUUb,3
13e1wA6QDzu5SBKDT7bHPudT1nMZqRNUhm,0
1Bn7qGoLU5bHn2hqj1oPhT3DuRotfcsorc,0
14rs8YYW5YdJX2UShm9dCj7CzAGYDQb5rS,0
17gCvS24CE7C6sfYaXBeWtFrybvHY2grNL,0
1B7Yfhxt2Yak8bHECE4wAQnVgTtTY71MKQ,0
19QcXZR3snsVhFYY6i1cigi6h1DLxMGffU,0
1DoevbJyZRmAzXZ6Nasu4eAX16gxk18j1n,0
1LSFo4ouBiphviJuZwMW1ajhyaRMVPato,0
18drepRPB3p7CVioSufTf68KFkzPH7LC2K,0
1NWc7N4FAs55hJ1xdTf3KWHZD89yn2PQKV,0
1vmSppP3PupwPw7XWUTtV6HbFGyfeTwLK,0
1FfXYA18C8zDyFhTPprs4UiEweizKFEWDk,0
1Brp55HPZv5uXF1kyD2XcmesEB1v6PFDP1,0
14KVzCSrnmAN9kL289w8C5CZYvvCULJe78,1
15zSefpS95TFAudq6qK6XiiLa7d3oGrwff,0
1KS9njtSqTh6sYp1mxzhy5dn3oGvQTp5RK,0
1LbPzb1LM1WrXVKnMyDojkMibGu7L4GHkf,0
1PCRcK69kTbDJAqX4TrHkgFZgtfLu8Fdni,0
1KWKKwrUxUZXnf2HAaU8iVbhkJd4xzY8ay,1
1GvUNfS6rwrjfMWGZQmCEi91KddTNNzxNh,0
1A2EwdiENnvtopbxdLoxsjTVgSRygyNhMs,0
1B32mCNe4RrnXf3KmxtVLXUkPsUDGZMuXv,0
14RnShggKBwiysXsCy9KLaHHJBz4tB5yKd,0
15eYiCqYq3jPRWga15XSyjhfkkz38KwBud,0
1KJoFB6DLBFwV9L65aLW1vCnb5k3TmRKDJ,0
18SP85FgCJqpn6UnVg9akbp2NrKFec1Vjp,0
1JGobkq7wqYafaowpoVyMw7YMtA2RjnQLG,2
17q7cSgRxZ4otphK1CtYRt74EPgdJ82dCh,0
1prNmp2r9VBUSDrWQwZ2jbR1giWk7rgfu,0
1Dm6EYCBm5zHo76dyvNtoYwXmH4rVqhnFK,1
1aHczDP9St21gMoE8srdDARREPsDjVZrJ,2
1N6A3GfoziXjme3BKkRJWi7REvVwLqZ3oi,0
1DfgNRmghUiFArAH8PgFc7wA4Ysh1ftRhX,0
1CCjKzX9fVfMhdzx4PW9cTv42E4vjpuGFg,0
1UPnkKauk9j42bcPxscGCdFUUcSspeWz7,0
1MxyqtmuPWWJoZguPYvvkJouj316LG6fWX,0
15KmUGQfRsuL844SmPeeT7ahUKrgd6r3k6,5
1ATCAyK9EM5hME5qQ58FUmL3v7JkEkhoLJ,0
1FbpT8yEB8Wdw7Eyca5uZ5aqH9V7K1nWrd,0
17zyPpC8RU3wFaHc2cAMW7GRLXwivqV67o,0
12m3JRgZoesQrKHf8b1ihGAShoq7iqStTp,0
1KVshskfpc6vq4KhsVdnC5Z6LmvVBtU1YX,0
1MAgxEfJ4SvhowVe2WKd7ADcVeCJXHncRg,1
19mUPqUHTu4ErfXkNKE3gq11RspTgfuUu6,0
16WkjjQJHvkd9EGELeScSmkR8qLcQ8FTGR,0
1Jodz96MxiDRMzvYxXQDZ5uKYBDqbvsS4b,0
1DV6pfYPKsPjeUWbt7JTjDQKi365nd8G1y,0
1BdCtqNgCmqU3pdmEZWzsXXdvF5YeYLqRH,0
1N7GZXjAo3xQm1VABEKXN4RB3Xomcs3QiC,0
1EMc7Vyg2XWwUnGMXyVa7D5Et46bnZZ4BQ,3
1EXxCnfh2QrtGcw15ZfEpHsSTxm2sKFLar,0
126BYbdL6hM67mmxSimXxYW2vH63x3CrUb,0
1pVwjGNtyQuuXnvCpLsYJnRmffYNApRFo,0
1QGt53dUgXRY4vGDSkms5gttVECzyGgtNt,0
1ArJGrfWBzXViKC7abE37WmHSe5wFgcf3C,0
14hJ3rmL34v2qjoroMgAFU3MpAMXk1fZpd,0
1AM9ZtodFG3unDPs7pEm9JP9ibNXg7st5z,0
16Exbwva3H3KwbZkPovZc7HF2B93Smh9L2,0
18hqSU5WS2ywSt7XiAD5EQ8ZSpQdTdS281,0
16JMHZTyiAAx5STfQZWM6ejSSkF8LTPJ33,0
1AVXZengG7haCfWH43wgbABnX4QroeQd52,0
1D5ByisgoTvABbjUcU2UyY7FW1Xbde65LE,1
1KscdipufTihvbKi9HFE8dqDiFCtZoBpo7,0
18gWEJr6bKRc85dRjsTZPKLhqsMbzDPtvN,0
18jrhfKCs4vZHQHvBKi1rZLboMqDDiCh5L,0
1LrhTrtVQBFWLMuZWZdwDcywLqeX6oksiS,0
1NUd7YZYkVYoue7BgY6URsfKCLDRnu7CgL,0
1LLQydKKxXjeQVPxLPcg2v8fxGtsJx7YHk,0
16hispqGFZZz83CWA3gyv1pSLt6env2iuS,0
16Xk6gRnm7eWn8yPUjz2DQTDvDMJPCveAv,0
1Jy5yv3ZKCp5zp1MM2ahqPr9cgyb4vahSA,0
16LoQDQHx6TRThqVaRxEFfY6hB6xPYht6N,0
1KqDCcb4gf8wjsqZW1CDS49QqFpGiBdzXh,0
15xZbhiZQTR95418o42wWV99wxaDYikqDQ,0
1NNvfsVoX69T1XwAN2oBsuVWDM8Wa7jVnE,0
1PzCtVBzBFHX1L2gujLQ9RHJ77ZGkajkJc,0
15m6D9eLHfEPVWfN5LnCtzqS2S5cumojBt,0
1KyvRPCmDD4S1vhyB9RD97sFLeTCgyf6Dh,0
1NZiXKb3Rvq5jQHXdLr9R1Dfy1CXpN6zK,0
1ExRwL96x2mGeSurk1jXiHb9szR2C8BKQE,0
1G5BZbj29ds5gdcKrxitP4bo1kMJdhyhcG,0
1ARhqi9Shy7VvRhWAyGuVywvQfuQXm3Xgh,0
1ByY5x85Qh37mpJCcd2nJgVC65Zwxr94eZ,0
1KrwQMdvYNR9SFEXH8EuXTci8BVv8mE7Av,0
1MCjuRYyN7YACZGMKyFP9oGYNBb9gXCCUP,0
1Pa1wQfvv3nzVMZPKB2eY5EvF2Hs1feUHg,0
1CiN6oAw843DMP7g7THqC7jiH5TQMjFeJY,1
123JbDWUnc24PgKnhgJuJPgCiiJGA7obR2,0
1KB2XHkjkmDTqbEn9qFtbBZXb4KDEWmbcj,0
1AJ8VAwETNcTKzxJdqfYG8GDh8gFsi1LMX,0
1CC83B7kVJLnB3on1jNGJTYaL45TLcTUHn,1
12tnMQuhMA4UnHBjcKLa9CKZ1ZcEEHRQsL,0
1EAPeAF1EtJZi45Ciw3jcGrti9StS9FirP,0
12SN9B2L3beCbxt1f45rJmcLKrPwjXdMN1,0
1HrBfnGCNkamxLrbK2TcgYXimBBSuCrNfy,0
1K4ih3jGGFiFGJ7ubZ4LjfrPi5HLJ5YDK1,0
1K231fdideDDoJ5caeeBCJRtrvzjg8XDjp,0
1H8oPUMazSKPg9FDL29Cjqb6dExELioGD4,0
1Gj5VRi1u4b4qxZBbYvXjtuLNWK5h6WhVt,0
1LpEM1mHgmmdWzLaMLw6otJB7vTYr5Fqw2,0
196RsxzmimK2U6jRaT8R5hoTHPVRXpcimW,4
1Mh4TfRPPthmK11hygv2PewvgYiq5PP1UE,0
15DTr7vBr9VA52cEh2k7ywPeHL9WVFadwk,2
1Gx4m8JUop7dhDYasPhoA6kdqV2BANktg6,0
1NtrF8V6JY7tTDjhU1cg18TGugzS6L8aN3,0
1AUwNoZ7MSAbNCC2tDC6o8Kz4S8oAZ3kQR,1
18b2A6tCoFRUu3QDP2ZhSx4WhzFoBmGqEe,0
1AvqQ1GUFKVZ7Z7pN1XGsQPUcrs2pCoLVH,0
1CLQF6BwitMmvjQ1B7ghj6TisF2H1oe28s,0
17N27n3EPbGGFh12k2dLSkJPfiyy3s8JJW,0
1K1mfW8JdDK81MAF7R79KC7yWroGHN39sH,0
1BERCMTNvWZrDYfTGucLMdbUbsAu1JZHb8,0
1N4McG3nrrjhBVSBoa8S5avgadx96ghRqE,0
1EaR1KMsJvK69DVp2XwQWMtF2kC3xvX2KZ,0
1GX6P1YNYv3h4av8tL5DsXgDn177cJzaKM,1
14H1hq6kAue7fB6fyruR5E2DgfPjZyKp3c,0
1FBJA1iFrDtKyyAoRckeQvoEYEwFvwMzLu,1
1964Uf2P9SsZHMtyhDA3bEvBduLjTBH9Gj,0
1Phj5Xrh1h9aza6Qaxc4HCx2tVfE1342S5,0
1BWdH7hBNRuetiVB3bzwnbM1UjzJkMprdf,0
1Deq58zR9fLXyGDY5WJJAHmAqbvmNkmDre,0
12qJfk8NPxQdwUrUDuUtMjU9WMpW9euMkD,0
1GtfUvVBEgZXPVx94QgfPV5wG1C4NW6nug,0
1E9KTkdaXjJSjsxTLo6PPNxCQAdSsSCTrt,0
1NNaydHs6g9qsMKcdmMiVeJVuBsut4E5KP,1
1Nv2KfF7DKrQFACmxeUpCe2Ud6K2auiAvo,0
18Qh6PNDQ1QbLATS4peUzXukkwKso2C34Q,0
1NBG8sqSh632Fa81HRm39tsMEvmgpU9rgZ,0
15nzNkGf1P9vnHuo9qfjHY9JW5hwxxdM7w,0
1LJyaembk9QXpDJURF9VxUBqd9HazLkPtf,0
1CcRiHgr3HWK5bHJ38jBwgLVmBUWRzqEu6,3
19Yd2N5KVLm5pRaJ7v8hTrDDHGMgFvHPvm,0
1AfSRAGjxx5azGtCgboxnAP1F6pB95VALW,0
15jbH54HPiq59oAnPcSHGKMCswQG6jmGBK,0
1KBcLuHCLU5rBpcJ4f3hcwU95w99NkEEzG,0
18h5XqiuFAR1VAJvhG3ddU7uNnCzSEqFAT,0
1DCNAH4ipevuMr2xmizbdbJ6bQSKRBzUt7,0
1QF1XZzijAonKJihkCfCHfqafkwRwBuYBv,1
1PBGv2W93dPR9xJPoTEbF2YfahtmSd6mA3,0
1HJBEuiCzzj55iiZAWs9XYuRJYUsed6HQx,0
1N3BuZaD3krAbdzmDdMTU5yvaToosLUdnd,0
17fejcUemumhWU4q7G3LozE6YX6cWex5Gw,0
1FTjwjX5M7CHESQCJ3p1T1GNe1R17V8o9t,0
12e2ZuSKNjvij5REY8X1nQHJogC13CH7Ai,0
13JHZcqqCivGnUzrkWpNB6bd86DsvvRVsH,0
13tenNVS1eYzMbTbZ758CZnUXcv2H33Upp,0
14xqcADeEvErAeCXvb4yQZiESgyZD9Aux1,0
1FbEbUUnsJqi4SEeFaTjMiADfvR5qHpz1c,0
1MnRntQwARizaKmdrJK4h9uSRovCt14Vu3,0
1K1MjKdRsj4T3Tdr7DXdPJCYuUPw8US72f,1
19q5jLt8YrXJaSmthDgjz4bmsinQhFPRty,0
14BNLBvj4nNghRTWTtFzqegCx4bYZMpTFL,2
12ggS6Xd5pMSPErz32tThPsB83uSBWqT4S,3
1Kz3GX9nF6BJo6RF3ioRbCezfLqpJrF7J7,1
1KcJWvKFJW9F1yGqNvSyrzQ2Te52hm4mn7,0
1E1ENA7EcPgWwVt9dtAuh7GzF5Qbv2iMGJ,5
1BCd3gesT9ejskpRBaCdXLJjSaTtCrWHMQ,0
1LqRYBeVCjo3EQpSJZPQ4cpnHnyETFxzUt,0
1NehmSjpAHCa3ykndNjAFAPf6y2myavbVg,1
1AP1JXoVsdaPg7uZLPyWBD4LNCE3BAVbgi,0
1PkkJfctgrchQuY4tTbJVZV4jBeEgmDhMB,0
1Jn3sqtV6Hr8EEZRSjZpCkd1npnbn5ddTg,0
1GD3T1tnjnWdRmsr7oALkVsfjsecLcA8g7,0
12Ed6mUVkfimJnidEubQ89AHaTRrqoqRWi,0
1LSR8SSRrn664VB8X5SoQhquGvgsWDa3z5,0
1P1RpUXt2H97SvrBrxYmuZ5aJ8nGpwTaZK,0
1NgDv6MCMH48agsABnC6yumr78opPuRDn8,1
14f8ZMq9xjhQKAuoPeaCJWqhsU81aoUetm,0
1Getpizc4kXQMXwhL99gT2YYzT6zcY4RXJ,0
1BWbCn8HtjqDP2yFPpF3TuNntFLzumJVQw,0
1A4v2CW98Zh9sDTmYpbhtmhmGGj3MjASra,0
1E7EfEhP7ytRqKnxkQKhcCbccfgRN85ufT,0
1H7bGpkdbdeFDvosjQ7Pc177ytGmVq7pfF,0
15NFyZZjq39L16VVH5RoPs6vi4GyQaHB1v,0
1FqfzMebzqvdwus3qvP9sYaVp57V4hsuT1,0
1GekFdZY3N4aCTj1d9UDEG5tbLPL843Z1e,0
18aNuvv8ZxmoH5Dd7PQFVnAHfoFhvzCcKo,0
15kRfBx3BwRkEpMbnd8vYLpaWwE4qU8zCQ,0
1M6nx3QwrR7oeuGdekJASDSUpv1VYKjAqJ,0
1KyuxeDZuxpv8pVCrcLEQmrMmpGpP9chqA,0
19vw8ukxGa6tCHWxSWkfmLj9V7PkmWdtft,0
1N1bs923M9H8kp6VX28nwnLbLFwabnQ9Bz,0
126VZkuoXQ4fbSKTazCjd9vMVjK334xDGo,0
1LSKrGtuKmPJjRAnjnmfgHUFu3uWQRUUoW,0
14xpzWCvczLBux1DZFd7fAr8pbNFGjA7qs,0
12Jn2EUFJwrQUdWyfcjh3KjYPoNJ9npLRL,4
1JgiXm94Cy63ESUQLLvsByGpAxX9HJ71fy,0
1CEzEiCnPHhWF2739r7akyRNLR7foPsvWz,0
14RR3JbKkBteCsZ2NCcVxWsguBCUfFxdP7,0
19YLiJEgPyayTWoRFEs1LhGKg8dogJA8QC,0
1Fgy4QkFmax3ohigm8ttiBBwGVqJni3u5q,0
16yWnBF8ki7PhEY1QnbMaC9CgG7DZZcCSm,0
14cpz9Bg88QALrL1BV6nPKuCW9WPDAMRsh,0
14wzZFyBZaGYtbrfwiCnA3cMxtwRTHhQz8,2
1Jrbb17TKLqaGGwgoHcLShsAfNcFTRkvJH,0
1CjprFJUPZcQRYGNKHFisiqRSiKm2uLTTd,0
1AtZuVsCPPTtg9z8gsdAvUpYDBq7eKXrLH,0
1DAbFFcsJHVDcdRqKLSWDyvqRMLxaf1iHq,1
16sZMf1Tqgiqm5g9q8RAtS7c2FbedNZFCU,0
1KZse1FnHmcWdBK6rYVkNYVaoNQn3Poo6k,1
1AgRZQVM9sHH1gf2qLqXHAAc7iLNPEw4p7,0
1KG9dVqCMeTb8GZLk5haXupcLc5gaGLUVC,0
1LPgDy47a32jV2VsHRvspxSHWXvcoc3oxU,0
12bghMK5CQC61dMkqzWmnmah9KUGwASCN4,0
19xQN923ze4NWzoyVQ24EhDGkAENNDoPCh,0
1M2n9VNpk2Y46zhf98Cdr586j7s3kCZkjA,0
1P4cWWV5d34JhkFyJnXyUK3gL7WkcAi9Qs,0
17zVVx3cfRSqfVnu7igtCEehyo3wweVfyZ,0
1Le3vVRch36ecJmwctVbiXB4oYnUtSTb9d,0
14vqM27WuSFCcohtoSCHLY7vqH3FeKfFh5,0
1LFrqMXzAnCLX7tGLwLapwuRLPLBa3eo2h,0
1426miw8XhCcsK2KjEbmpw2TMqNkVthmVG,0
19UyLWgwkCPY6wFUt8gQ2txXm9gkBzYHwa,0
1gw2R46BCCfQaiDo4jzUsYYv1ysU8dLZc,0
1xMs3fAkdo5dPvFSyxwFfRkmDPE43Jgii,2
1N4bKTVqYDmy5utR6uxSTG1ysNM8W3kPXo,0
1HShE82JCtEtg7sd9uUdEjMeKGeijzvGrL,0
1P7Qzr9JmmLVTqrECPb46We3tfNSd8fys6,0
1ARMVUnQf3rm3EqpKWF9kCRvz39j73cLLD,0
1NsoF5HmxveKsS76LMbda2jW8EHXWSc9oK,0
16t6QYsBZdcqYhqmGLotawKnqtBs29vu8U,0
1PsYqqgtX6Y436SDacJ9KXkPJz26rsqu7w,10
16YB5dqMJpVsrEEw4WjoWAmEwsS9nKwkUG,0
1DKYzBxTX5p1EUXqBsM64hUVyLGWDiUYkD,0
1NBdDewi2sMXrDqS9qP3ZM4y89tA6xFDst,0
17DQUMKeonbG2LeuT34pRUdVUD1p7CfGkK,0
1KX9MFWmkbU8eCXjnSjTfnBKVhLL9nsJNE,0
1M3uoCdwbbw5pRut7ainWFe4YGyK9Cs8A3,0
1f2tCakAUntKRY8JEAX8K6v5F9BwHcttK,0
1NaTifAxbP3gSdyK24XkwBUyuSgfhww47y,0
19HjfBZwnpqKbovtz7311eXWeAVEv5GEkQ,0
1MQD8YyEHjfQRFYpXUsKWyUPknijdwh8SH,0
1MHiYYKmXJPLhbEq2oihAHaHHmwveSm8bU,2
1PzA7FDSS8jpCa1qbDXhZUcceo1JkjBrhZ,0
1Dbg3LnGWx6r5rhCnbr48cYg1cvzRP2Db8,0
1LHXLioXaA3Jq8eNJq6kKcRLkNa82JPKe1,0
1DETX3RbrNJVua961Ca81ckQvEBMbrs4Ni,1
1NLKvq9uMnwZWyDE7FUaUHcT9yWsg3Ko6q,5
16chggTtTKTAFdLmM8XVV78sQ2uBAJSucY,0
15sU5pQJZnVG5294ZYP3fikb5AyDLLBT2A,0
17YDYfyFn5UdhoN78CCyEpX25VP2FB9cVC,0
17X4dLEgvk9PQCkXWbhPoZQEiF6BCUj7qY,0
1Enuo76fhJGZA5QgWzEaxGkCkdbGCJ4jKc,0
1KJ3hGS6ihxC493yQAqJpGTL4P9KiFUAnc,0
1LZ9w2Y7FD8NgJVfeVqwuMkrcLrAoNctLu,0
1MN4szFJgof6FZQ7zckudRLcLAV783K3Yn,0
1DVqJjcH1TvUHR2NMp4hnNyyCuViYCob8J,0
1P9p6K49gXT7c7a8BabxkWfNnK67KnxrSG,0
1Kf239m26gNvWU7nabJU8GpeKNzD2Ysj4Z,0
1G4UoobuwQZ4erKKSo6eJxZhMh3zALYLzx,0
1HsWfQ3sPFKUtRaMqwHGR2C7FiCRnMDLyF,0
1Fd3bKwAD3jxTDv19z6MRm2CznLQghWVGc,27
15dQhKfj1uytvC2P9FrYMEkQvUqmKxCnnp,0
1PcNEPF3Uj3Rucxc5Qzffmhf8dCFyvBNXs,0
18cBoFkdT75Pz741qqf4E4P3vWebXYE8z4,0
1ETs2h5NLf1BR2kuHEYBxFPdcLpje4UoC7,0
1AqAqgdKHRPVYXQfyAHZHKxe3xAbCZRZH5,0
1CCSr4fPzBLNefJ1GxdP65bNCZaxzsUcLf,0
1PqAozmfReSJyckmm4R1vEPiGW1GP6TqDk,0
1FqoHXtoiNMFRx14bw45AiVXtBVRQbFeyc,0
1KHfV3cDYJKk6XKVtUaFZZWJ8J2MDpy1eZ,0
16dJicMBbewDazSFF9YAAaG22vmmRYsrUS,0
149wcvduGvbGe97WwaiJd97ZAGbvoo5Utc,0
18E5xyM1HMZ6sH3fDXQaNqEBLteYF2S6j2,0
174A1ZwbQNHeLcM1NmXixuv6PsBCjhFmoa,0
18TobrJdW4sVMzzkABy5P1bySQjgx3M5sA,0
13NhN9m85SAHdoxr45LQMBqLiAZvbhdC5F,0
1NJTwhg8EDoqmtqXBkbRC4knHPfUoLnEYV,0
1BBVNg8Ap9ybvYbM6D2DeUxFxkPjfdrgFW,1
1HxFxR8nBAHhv1ywQDjseT1NBBNJHrWWKZ,0
17jPB5vPLPAxQGR7zpvF3m4uSDgmS9HTtV,0
1AQfBzW2PR5MkYj4fgDy5nBfBCXb7DAJbA,0
18ZqpJdSmnRjJEfdeDhSLLPhGy7K5cPgbU,0
1LMv6nan1vDanXapbygHsf9WPQtqrf1Jdq,0
1BCDhcD5tbzNdbyTKEbYDGsUnQsmUicgZG,0
1Nk6e8suKcAXtT8Ssc3AXf1Wry4m6f4DRd,5
1Ks2z19TGwAPH1PDzDSAsGh7igYA3yT5Ne,0
1CAvkvwmey4Wvb8tSoFkTYj3kRW5ikRmRN,0
1DtVPNjvBn1CGUeX5psPcczBxMGggqc31P,1
1AGc2jETmETXzCVs3XZdUCQ6uVUAJVw4rd,0
1JqPTibWFBwBvgmhW37oE9DZCFpQDdAxbg,0
1DWX3VcnWPrFFQU4UsEnv5kkUfZCfCEmLc,0
1M2tcL5kJvU4AznwGpSJqC9LNvNCSHbMDP,0
16iPLADTmiQyH8fYJUKoyc1hR2UndtAWN4,0
18mkr8bnEDz2cKx4eC2YzBriG9U7R4cKGB,0
1LNKkEGpUTDYuDb2jzBkDza9eMuxXkyvXa,0
1CWKkNiqDq2zLAa1CE3cZ8DJ5YQiiUGLiy,0
1KQ2dN7d6oJFzJHaRVqMdCJiHVTadPEEKX,0
134NGdxcTffpGJ4j5yMqg2VJteY36Gaci8,0
1L31Nc7UWgRezdReXobyNvSEar4oPVDnov,0
1E5VsmtvCsPDvhjUxgV9WfpX93kL56CQCX,0
19LJXX2cLbRWuSh5siGJVuu6RfJ71JGnFc,0
14sGzdJmzB32CAD1Pv6ikQyK5hXDvVQ5mD,0
172mEMAPYc6KVtjY2d8ahgNrCENfF7k2HR,1
1966txvc3QmyrpMngymthJRvFWeC6Y1jjb,79
1AMrYWdpFa88eRWt1ND9P8WYM5QJXwXTMZ,0
1FYS9pNGSv5vJydddiANVwnadPoSi8uSpM,0
128XRnqK3qNDkaKKvfv3uHGr3GZxnvQ9E5,0
1BteW1uy7zNXMNqhFdvFafbJLd1HcHVPLx,0
1Ea2i9i5L22WssS1ZQi9dmXPNfjRngEDNo,8
1C4hTbXax6KJ831o2kikMt2gpHpNCeY1RD,0
1PbYWn6QokqsHp84ouLLWfv2zdCxTwTWo8,0
1FcVBRjYS9mYQSVUim36DBXGzewq9hcAKC,0
1L2rTWs5PwXFPR8aHve4N9RXt4SL9rGjXD,0
193Pc46FW1XpoZmKqLGUCjb6iN9guEx6LF,0
19Ue4L9qM8TSmJJpyD52AjgePB6hsfvSRE,0
1N9ZTXoocWstTdCtbjjoHwcs4mrXCmJMKb,0
13bAuYybSMQNd2vHkMdEmoYBRsadHNdcEy,0
1PZJ7dQQoCJ6N4tWA9ajTHLbhbWtHyhUkg,0
1Kx7S9jjRUFXKBDbf2zAJR4Rx2QwnSXoTj,0
1HVio1SrHXxgXvMMavmzaFDRRfcx2KnivW,0
1DzWXJGwX2SUyxN1ziAyfAKXYikXNJ9qPn,0
1MfGwbQdqZyM6GaBNUYp5k4g9YYkHL4kFJ,0
127vqCi6zvCA7z7EGAMrSKLcXLijKGniYG,0
1MXKe8mz3dfjqdvX67ALt5TFpZfZR3vtSr,0
1LKxwdB8gxHG25TaUxdeHAeDmo12UVkeZ7,0
19TRcm2cAcEuWamZXQGGYFMPBPfuKTSBGS,0
19MqzjpDHgNVRwxYkiBazRC3a4deRc9tcD,2
1MGT2mwoKR68tdSS5wCJajpZvkU2JjaBHz,0
17yhRAYKJvVmBh14HMxYRHp2Z4erWgk1ne,1
1JdEn5LeMREmAjcAi4KWf8EX6zkubqGn55,0
15iGR51QCgWCXukkvgmtQcA4Zsb2DDwjD2,0
13qoCG3YE2NAKGzGR6SvqpXMmzpKyR2bqv,0
1B6FHt53Woo1CCcfDn4spCJ79sF5HSdfbH,0
1JyEmxiMso2RsFVfBcCa616npBvGgxiBX,4
18omUBgMVJbZ54V7yuCD1zGrEu5yNVJjch,0
1AQZwCeYFv136qNkNQPUxMUBwGB5W39YbL,0
1ARanTkswPiVM6tUEYvbskyqDsZpweiciu,0
1HfCK3DWUgCPb3SLkSdqrCnv24qmsZ4vvL,0
1Q2pfz8GjWE6qs861qsd1bcRESmRfYZpoL,0
1CLrUJ1b4V5m5jiENLQ2ZZCjrz8sxpU5mZ,0
1Md8UFvhfmuFPRG3bfWFeLH6t76mnzP8cq,0
1CpJJx8fj3CLVDCqBoXZibiKD5CUMRcLkV,2
137UzzyMguREvAHbwFs5gcCxwV3P4GWpzk,0
1GqMPbtm3kthGhaN2HEbMpGHkAYbF65ZC7,1
19VityLBqkWhydmBXa6b6fe3LMNZX8XfsW,0
1B9BZkaz5PWRz86wMgRPcnXrfVqV17ZCbA,1
1D3Q613YVWwhvQoFFUgTey8e5abZYZgLRk,3
1CN2PSEKGxYbQtG2heBfkztuGuRrqUbGKT,0
19m1dbxvuL8D7onB8tQUWJG2kE4EaGF1A9,1
13d46unynPiuspsND1fC3kuPeb8szgWv4T,0
1GksYxTQsaKuLEkeNzTzzKS9DDwCwksELF,0
13yqbGMmN3e9Uc9Q9VCL1u7wZbnTcCYHb1,0
13Bj4GZibzy5NBh762dQA7dfTPUoR3FuGa,0
18WKBqrVWLHjFPF9egW5EZd8NJKatFpbaV,0
1BufNMDZ8YMCdXiV99FntAM1fqteRww76e,0
1PtvpBZcbuixYRB4Fs2FuNsAGiaDEierTZ,0
18nq3kPMPz1XaB7gPmdeFa8FxrTg7NYRvZ,0
1CbU5Lr3Wo2mJQid3k7qpcp6VQ8WdGCxQM,0
1PunDr1qkvNuq6qqvpzUGt7iPoDcXZrPDu,0
1PsqmSGzMLHgjfTJGKLXfk1cKvq6nc2Rbq,0
177oLdbW2zqiAep2uswBKUJJwdGDozkVD2,0
1D43w64DXZ9u83amw5xTzp6NJnHdhnayWT,0
16DX8ftt17EgcBjr9U2TtiJbUxvvcp8qHu,0
1AuP5FnGVEwuyyURGg7b1adLLxyeTYy2q5,0
1HgHJZgTaEkgkNX7CH4T7cCokA4pkj3tT4,1
1B2n5VFSoQ4HzyguUdfeXnbCyVeEe1YB56,0
16ivmjudd4sywUdwRY9rt5e7Hp7NgYgzPk,0
1MtX82exK5SSAAfbDsSQY5eL24kfmLZk87,0
1WTBKj3iHg5npUPsrs23jijpPZKSa2wCT,0
1AKSCtsXkpFUZQB5QgbKySR65VTjfueLFa,0
1LovZ7VNwevE6qBiQKTzzoMiE4bZTnNHTn,0
163YGrD8cEDa6ytuHS1Zqses7fzbYaKJCD,0
1DBD7EUvqRbc8eBtKWpPY9vdd1a3tANGum,0
17crU1jutvivPVEV6zXUZC3SBnYbD2MhBa,0
1HpNKfNuXfTzQLJ8iZomhfKFHUUQERraUV,0
1N3GT9NH4XbhzgFV9VU2qS4QRDvJXayZ2e,0
1MxcfLgLxUhZpEuUQBmXGeotVq71rozii9,0
1J1dXYdtWTt4wFou7JZbgyTLk7knsH8Dt1,0
1FHRwG4gxbQgTegUzdtEvV8zryB91q7aKG,0
13hrzinsbQxnFWx1txcBr9zLxiVq7erPm6,0
1ngshDirtdBDjM3DY9jDre6vLxJkydRyk,0
1HCmcoBeXpqBvTXhrHiZAPtMCjTpgFWWN9,0
1Hsn6AhF9e9vx4M6NS2o3c7ZtjXWBU1Ce3,0
17Gbb6PkESMo1oScrL2onNxaWxNsQg8MK,0
1FEiJGDMXnPwReSLuj27cHEzmU4yuRZHqG,0
1L89nbFbm64CCBQQFGZKXwmKc9wd74dWG3,0
1Hdgwibdx2heKmXaVLXKGTdx8MAc3hHahq,0
147dRpRoYQxpf5WGnz7dipCcavtANRRfjt,0
1Eja6ebMKjm5VDC7DcfYFhsf9NabCceu7t,0
1NHVF1aZfXtXcx9sga7FAQs26w4TzQbRd3,0
1NX2KB75sF9K2T2Yt7zcuu5Pci2Bu6csXV,0
1At62K15s3CZdsY4Lwt9Q4e8zkK1DDXyKy,0
1K3f65gS1e7od9LoRLD9zjmccANVSe5cpQ,0
12BtDHzFiVBiqYkgkuW24SLV9peNLSj94y,0
15rxHXGHic15j3q8N2ykSrTE4vYMKzZHW8,0
19WB1G5YGnogJc6i9RbEJBx6Fwp5JiU5aX,1
1NoqHdNTD9yPgxN82yvUVvpKKWeQmxzHS5,1
17AYrkPKqvM6zqMi6gDUZ5a8FjX13nwWBV,0
1FrQUJifPteJxq3fotfyfGsCZsXKiG2km2,3
1MmfpCYdbXKeVsDrTYQpLE57YtLBHqDcpX,0
1P81cjJRBBLh4WqW69wMjYqCLjwuJRgcq4,0
19b1eJ72HzDEkkMopv7aoppjG9tNcVJGrY,0
1JyjRDhN7RrjCVHphqePRPopKwzNAUCinK,0
1AfykQfuFjtoq4ubzK77EYFebvbaUZLS7,0
1BoKPqDhCmjA4R4u3MnsgsFp14c6DDtsmo,0
1PMFKKFZ1NK1ysDeqixLnnHJCDt1zbTSLk,0
1LbqovkJbjjFvXbms1ar8brM4WYpApSPZn,0
159fWC9hM7ZAJup6bDu7bPH3UXnstCuMS2,0
1KwfPhKEwAodMwbVQqKCP9PYz19tNXpLc5,0
1EH8aHDqX8fsaWR8VZYegAuHwzYptqL3vY,0
171NWV4STWzHzphMPjCRepUBApULrEfQzz,0
1Dcdx5YZpgXTb84KHrqtKSuQ133xW9EvXD,0
1AL1ma24KTDWhqkCb7zV5RN7i441LQNATm,0
1KqX6ExNvhBgqwirC48nBFUauddwtNw3GM,0
18Ur9pV8yNg2b4aUDqZJs3d58Cg9eGpS97,0
1DtnVpzTrAnpAKcx3aUBFPUHmi8vQRaniD,0
1MAny9r2CRHXituaGMrak9Y9F8UTjDVArN,0
1BrSwmZAohmSspNk4Pum8mwGd2ZV7Ws3Vy,0
1DrL5epfoBG6t1Vau7R8Gvzh3H5nWG2LXb,0
1CyzCnhvpVuQQNyFsU5854usRGYmJryQP7,1
13nGtmu3ezeQNZyqos3imiJZarWp8sCsdh,1
1a7LUGm58ZamU8mToZpuSu3dzo8ZcMKe2,0
1Crvkqpe9eeW5rx6FW6h6TkHUvdyvujWx9,0
1MLmEL3MV6Ee9ovEUvTMt8mxHWnJRgzspA,56
1BLXGzstTFhuu6Y3NWSHigtaPiSz5MJAq4,1
1C3Bbwsuupge2MAoyaftvnNijjpfcdtq1X,3
1AvAtrahbbXWdFHSA6zC9mb64esrBsRUw9,0
1FvzjHR92envjedKJKgdM8gXMERKdgy2dS,1
1KzG4hRqFWdVvFTiBztnnr5MTLZx8hQeXE,0
1DFPDYGF6XsdLRr7oQPwa3jhMRzmXV3Z5,0
1HoxZja89Zyhib2XkGhBc6ZbJf8hB5Tp9V,0
1QLGLXvhv2gRwM4uMT6sALwxAqig2yfWtz,0
13iw8apsge43PYbg7ttqSByZ2vp73oPVwv,0
16hBdqZPiaAd6r4Kd8V9fVYm69cMmym4Fd,0
114otX2yYNGvHaBeSUWjvHHgTA5bGk6i86,0
16kmEByiQGHCT4dKoe24woLwEGMG1qQtMs,0
1Dz14PPBEfquenfb4EdubsVVTnggpqoei,0
1JbLQ6N9TSr34rXXM5PR3sGNHXG5FvHLBd,0
1LdAtuYoQgeJfpyKPDnZTSgiSsdf3MHWn,0
1mnp6BYM3JFMvAM46gLNdayA6qysvNDif,0
1Fg1eg1LLDmzM3efFUyQMpfwx9jDLKeX2H,0
1FNppHxPuxZSYFosBqvt7mXQ3gWSA5Anvr,0
1C3Bhvm4go2tRezU4iv74tenVp8Q4xUGDu,0
1chP5tk81QQtaQgomc8pBqiJCEneQat7r,0
1HFpUTqN9U9HgbycY56TiZnEm2QzMKX3Yr,0
17TqxQieayZn5U7npjorELfR1cwAQ48d4G,0
1EH6AxoMMHdjzBaMYt4Y5otZu5mFLJvgJx,0
18FgvvDghrz1ujJz9sTppZkKyYE9EXqKN6,0
1QDNru7u6DVGvQ7253r2b2AE87TBgkuTYC,0
17ZCKt3VcAP6SK4MHFkat9BWuDhyfkJsE3,0
17kKnFRXt9dsYLwcCMpPWj6FaYzxXnkXB5,0
1LPXZceRZSyF2hDubBRzyvBqrRwsPsCLjU,0
1LAen2PxpCuZSXTcX62i1gbWK2akrVVBek,0
1Bw71vANUFaDVJxomLxL4bRTtBcfS62bnK,1
1M2HYW5Xzg8AVW5sv2YewknxJs4jeGcpHY,0
1MLCYbppq2ZJuJxKUuMJMmxEFiMLZmfBhx,0
13QStgysaBPzMAguFKbfgu5V7j73KCoeYV,0
1KTCxB6TNDrAdhaAgNdCPpd77eEQwNtHpG,0
1LQLjsHx518N8senqKjPSc2ATbkepWhrdN,0
13MoaRBGqzf16gc4Zp32hXPKyWVZ915KXV,1
165oPz1sU7ovKohfVk9K48sqDNyXzztpXP,0
1KmpLgdPTjWDXv5F6EGFuborE6YVP9zU9B,0
1LDorjjn3pWnhZSHXE5vqkJ1G1hN8EH3GC,0
19ahVpMpvT51sMTn32icSjGN1Bae2k3YXu,8
1Nwwwz7BBb3Md3RrtakzyQFkVS4jRWPYiB,1
1M5hHFiUBTXyG8E3LJPt2L9hD4K5GuzPBR,0
149AyLEmz1KgeeCmnrnoNYLArd9Gmm5Zj7,0
1Ntdgzwgy4SnH95H2FTUfWrk2sgjnf9vpo,0
182nsZsxnkKJFTWZodo5ruppkpPubeJDYa,0
1At1WskS6FTrpYkLiMevHUvzmMXz1Y8xTE,0
1D9c6qLKRjxh7xbyv6MBUcBFJHDFeDQpsg,9
1FbKtWWNh4vMFYATMKLXzV7D52YxQ7hv6E,0
1NQfgxaKUswqkjrNCujgeJG4jdXHM3ztfe,0
12MJds3NtGw2SEbnERWJpswgyDsw5rciRs,2
1PF6wiB3S34SZdkhg8vTBcUFPfq5o8bEW9,0
1AhQDjqZkQYoWGeKRExzsHR5ayjEuGvDJT,3
1CnEqbkwySEuJ1GQavb3S7k3a1zHAPgtUD,0
1AdTi52Q1bkaiwNecFt4cX1MYEu1d7qeCS,2
1GvJS7rBwq2uyhmMXpvYmCJc5TBMJdNn6k,0
1H4iwTbY9vVBv1P8vKKZbz116ZLdDqA1C9,0
15SpdmNLaVeVxE7ZvALQgDtCtTjGTCm4m7,0
15c3F6ZNaNgAhN3BQCRWHcdpT6pXeZi4S8,0
18UcxeWaHWNG2BBCsZR1dui4aSVKPkYd5C,0
15rcUtWxYUt9Bzgm9ACL3REdYrjseNstTk,0
15FJXmigvEzfD7S9cR4PiZHC9jrrC31Jbe,0
1MHQ48yGf7Ecv3c2dE79fGTmrYKh1Ayk8n,0
1EUd9HhZyucpF2ragM57bV5jEYt1etwRWc,0
1Bkn6hPqDimMbvAytM9iWkxE7ZRNCDXZxf,0
1P2XndnyGLgFpJKmmxEdnNgJWqNTDWng6g,1
1GwMN8dfSrmFsEZQNq1detNU3PfQBamvDR,1
1HgfzB6t27f3iv83agCbnezjhQ9NYNGWwJ,0
1NV5kiT5m3iqD6Eyj8AvhTzrJTcRQm5gCa,2
1wWkmzB5N2xaj37DURX4GHt3YMmZVZaiW,0
18AzSoFCSjsoJpYB1sPGpRDVVywwBHz7mr,1
1u1pstuvFaKAUhpfL8h3xtzzS6tHiQfXr,0
1E8PDoBaTc9PBdNkYK9Bff9N5tW7xvXUxA,0
19ck8xYmhWpFZHw9gzxcNosJsNcBB8d6wG,0
1PYVFmd1Y4s6GTcT2zXbsPMZYgaYL7p2r9,0
1PXkokfryQYs19V77ctQhPB9y71reqNuAv,0
1PJexxyN4vmCgLNiAW9LXPajwyFZCc8PBk,0
13JC8KmGVecnR6xPTyhHvRmLhZXTxuQmRW,0
17o8TCHDi1sRcL47TQHPpfbozz5M8rm5m2,0
1JS5ijDTjmR55RTffHH38k5bHLQFRuQNPE,0
1C6dR6qfxw8jG45pah1RPSJrRQWKaRjVLQ,0
1BKcqi1bNtKr4qgUX2LYbxfg9YcX8oST3Z,0
1A2NwhNs7i3sWqw3Nv8sKDF3QJ7xmuWSG2,2
1LQcYkUguRMKCqYchmLZixFHFYpnEdYkSU,0
1DLaqFKdeHfnzwo39B8JvqTsjRJjY5bP3C,0
1KD2pVBvs8PBVKCoxBx5fxFjXucc2pA499,0
1GznmDUDhzfwuFLCXPoMV4xSrQbLcGHSCs,0
1KFUtaS5CHoJUSwEHAJXYcJAdKFpbVztKu,0
1BoWq4K1SgGmPawWMAmGBXyFMP9PnXDwGQ,0
1QCNUyy3ViFnMEVTiuMvWgdnJnfYepMibg,0
1Bk4sedGDzY3FZpyxA6qMNTqBjcxgARxTd,0
1Q64rEL3mQWFdsv7kxC5gSm2fDjnc32wzG,0
13YXibi1NGhowofxK4ibydbTnA2TTAB3kJ,1
17eHeYfvvQykpAFSZqotkh4i3RofPtv29,0
1Pc9g2fmDML3EQ1r35KR4cRABwXE9nmHXW,0
1KbgEHk1K2W3axYe7549tSZS8DjLbUPjYu,0
1N6soEqYvoSatthGKnikRPDtHSMpQBgM16,0
16aesAARwzaz5bJptawanrhHkzjhjoJJjE,0
1JLzV2uT6ioZkoj3rrRHFvpSAeRtscY1U6,0
12Hf9izq3Pk5Ekgmz1K6xPuxCLMSJs2vmu,0
18gEG4dMQFLzYQ5ASPy5ukcpn9ydkPSGxM,0
1F2i7WYJJtGHXFQ7Erj6v2neL1e6CL1ce3,0
1F8mZ9BPQU1i9iQhaDKnxvjF3mDktT5FiV,0
1ALXMmVvtEyG1YpthG49HSYxd87MSKRgfN,0
1E36Ws31aptSPsBqvc4FpEqCB5d2NQ5aKn,0
1PrmxooKtGFwJ25f55yiL4qaXkn7w5rC73,0
13o3CTyDC1U3RrWogKxukVqWc7fXsuekmR,0
12qbkuwGuL2y1SSYp7zD5LncHmhH6EzRyR,0
192vn72rSkXcumcYZHhUfUDpY6ZdpxuT83,0
1A1cxZzBHceNh7CdW3iEeeTqp4STthiuP,0
1Dg5CSL4grhUKd6w5o2YpmYYnjUTVGgfMZ,0
12H6G5aAT15G87bguhjb176P3AX35rtxPU,0
1ZvKFaiDdS37gSKzBP7G4DW8ArqpjQRTn,0
1LEMFXvVPhtvZZ5XrdpEwZ4Nv4ziibPhPQ,0
1BMqjiUsjFumcspiXTp27tAsghWxUTCUYT,0
17jBjq7anmS72z2SY6CsyaqBQdQo4giuVb,0
12FRt4XrcH1gBDkzRXRbASTgvrtAHQd2pB,0
1MCxdGXjotjAoqgW1Bp5EWkRdv4bRFsPht,0
1J3Dx44J7tFL3YgUh3JmXJKttFzBatJk6f,0
1KQta3RxnxV5mWAHAN2av6cfSHpwFBewkq,0
145ggPZjqH2PgG6G5mBMwjowaWSHBho31J,0
19U7csxtd6ZW46C1tUQZtsAdraYBLGUFNi,0
1NRTzzmni8ogrGxdfFzE1KXYjFgRWJie6P,0
1F3tMPvbR4kvrfKBYDdmKYc5TjsqaMifM8,0
1PTjEpwNUK2rEXuC2SfRLY6rTBfkd64Mpm,0
134EZupx1ytCwK3NrbTEufv374VqKXf4js,0
12kwGTUK4tS3tr3V7bU7u22ESvmzYbASbn,1
19esBL15pKuP9ip78gPqPEkiHSdn9eLPPx,0
1NQ54Aw4wWiyPCL2wvPjwtBkp1FGo1Rceb,0
1iPLWM9WDsM8hChE1haDfZgSVDfng4yqi,0
17e9qxnQeptyMAwDax2A1TrFmq7jd7rKS4,1
1K5ziTTkCBse4jhBHK91tchPJAS8djKRvV,0
1J2Ly1sYmR74UG2KCFkA6y9BqqTHQPHYWK,0
1CipNHxjkM69uXWKB6x14r8DqTSkgVmgRM,0
174EZehVZksnN5D6QKxJjc1DLmRq9YVoZi,0
13VH2UXiz7r5k6LopQGRHX6vdWWnKoopD2,0
1F6HSoqh8p6EQ9aj4VWMmVRsdwe9LXYSLT,4
1HVH7RxRf6gqjnHNKiESmHmqtgY2YfX3Ri,0
1EvNiLdH4x7Zzx6YsaPDZBLTqzQ6oYUhdQ,1
14x4UKndUkyYnq7SuVHtVnTHRBCbjHSaTd,0
1P3G3vA1Kv1CvDBDZ614NYpfQxgtnaE17Q,0
174673HkZonoFLZ6kBJv4g2WFHKCUtzkfx,0
18WPSnNwR14uEPsdvhVofTHfqxGn3HcyiD,0
1BHounujnAFccwFgwr4qXtw4SjKGdPxo6o,0
1VtBoLDEgxXJhoavCL9BXBaNFUYWHs1GJ,0
1miBZZKZSqejfxat3Gfnmc1dRYWvUfzKB,0
1FyMZskjC9fXSYATVXP3TH3NNeD9E1Pynp,0
1B5fzGNXCQ5qr4AVCMhbygf5kjMjFhNwCx,0
1KSbZ9CdnyVuoSME2R3ZDXuDvKCw31gpiS,3
12VscXA6EM8YdGjGFSHk4f2bzRbUxU9tcL,1
1LfAvkkjfT4XCUx8xnCUjAruGhhjH379QF,2
18DHoLPQ2G42kHnHUAZDc9tr8qFFNWpSmQ,17
1DsPHHc1BUdsDzY3tYAp3NF863keJFCKrq,0
15qGJ2BRsyXRvWc6Mb1oZrUeYAk3QtcYPh,0
1LUANpFpXij3N7ufTRwkJLjzVVwZ3wgpCa,4
13FTL1i7LGR3ynAENVET56a2T7S4ADzJcD,2
1FT4DkCN74MtD2jQF595zwhen1egXgJBYd,0
16wQE6H9Jxqi1db6WGKEsyfjVSskRsiCdJ,0
1A5K8nTybeaZvsv9PomWHcPECtfKvM353X,0
1Bo9uvaUbXZnNAWFnVBZUJ4iPtZ8gEG3D,0
1CShQa9z79sticCxWnvbZ33wrNensJpv1N,0
1DVPT2esA6p2A6bwrKfceUMcQ3GKmXcgdH,0
11jh1FGcJy2oemZQn9kS8Jdwzej2FsvDT,0
1FJkwRn5HohFJckxuDWeDZZ69rWpiJwMVn,0
1FmSH7nssUQXpHVvU73FZeUCfubMmQXpgi,0
1M4o8dHpBrcddNbCM8StsMPgjzSatFcrWS,0
1JNNw4dt4KnkGELuqiSmHormfgjDyPTKDA,0
1H4HXbZ1HoV9uozc3Z5ftGQEdU7iVEaqMa,0
1MG76njyM3ieDwk2RHBqhUmaAB9je2Nrvd,3
1LtDqtvVgYjmcM9R9Jkyydx44woCjVtSLo,0
1N32oLGE3Yp13GsJJxMcQsur5DPAcWsPME,1
152PFUzax6HMJsGTabaZwV2EJRFXX6MKaj,0
1M1FeAcyhMH3wnihnA1SHAfistkhgjCv1V,0
1FVgdd9onMgPrXWMgN9G4u8dsvBLtGLSkK,0
17wLULkTkKyuty9yEMfHkfAU9zq9sCGjxC,0
1ASx6YdjCGKmpoWJZZ6dSHeAFNEjhgZAq3,6
12udjrCo6PNsAdG3RbeHebZyPzLDHwUuyB,0
14U4mixmouFRT2vZoQ5uLoCE3Q5ZDuCjpp,6
1jj7aejpkJuMkibuT3gyq2W9ENxCXMa1U,0
1ByeE5NAWTikqwEgXq4Yh7JKpZyskZVDDu,0
1A5ANdnJuLz1bHCJm3uFtzu7frLzGiVCjC,0
1PsfJ6yXu664pUYLbo45ZtQsXt5pTL1NmJ,0
1K7Gk6kqX6psSWDJaRV6pyDH7dwZuvqtUB,1
15EyurFbGngtNJxRfpUBARCQgj2YcFH3og,0
1P1XvyxFvQfSMj3VneVdZ6Q5kfypS1PE9y,0
12fZ2HxkLjG9zn1u44XYsFFYKHM4A2zCea,0
18o23FDVNSeUa8ViLcCb65fmBp2BhWY5Za,0
1D7bvdKjn2iwcp29vVoyGaq37iWbHSizNA,0
17WqcsioWKuLMSYWgamV8u83fAU1dg7WVr,0
1DCAMoxX7UbbGXMwBqjQdcjPHJeBVyrDf3,0
15Yih98bRjz2Zo3HTYNPUDvShQNfyy2RaD,0
1eDhfYt4xnp78y3AvvJowpBLbL1i1ngY9,0
1AurFffVpKxarxAZfxZ2z5qfPoW6VF7oJ7,0
12BnGG3EB4DmTnZeAQR3DEHqv8ktKgp8ox,0
1N3s4H5TYeYnVnEfhfBXazv2KoCWjq3d6t,0
18R4M4g65Z8RMCy1rbHBT5owNZa6RY18dd,0
1CRcVgVMjUWwZ2UQESiBkbkDHwoMPWpPt3,3
1K3H1AnTnhd7rBn3shFsf8zPMTkS8dZNKj,0
1CKQG6TZRGTdxwYBHgVi3HshTa9iV8ugpU,0
1KCDUc7J2NJKwvwifWBzTPJgag6cdGkXkb,11
1GiRmcEFZPCAhN3Q4LRdQPDUqysQm7AtPi,0
18dCgveXjDTg2hE7WyGmWjG9EcMBQ9p6X9,0
1JK9htJ5nS2ipB1hGtwuGzBWGA94i4brdi,0
1LnpyWbzFSirVRpZ3Yx6SVn4dLEF5WmEKL,0
16XSsbfvhmVyofctJrvk9XYWmjXWxsep6Q,0
1NJvwQMy78W9JqwymWCqoEBgJbzGRA3RLp,2
1EjmtFEra1SMCBF9DDWmH9f1z9adxxJq5s,0
1BxeP4fUjdF9TJ761Z3YVpJjC1xs7TpZjZ,0
1HLi9jBLWfLECLePnfEhp9GzicHGLmmFJe,0
1K13XDGGdiTEndewfVgGHn8tmoN2tAVtwo,0
1KTRajRfJpMXXaimccpbqLcZKoUfMtBuoa,1
1zXzDGhCaQKwwswB8WzqEvtyg6AbcZBTM,1
1CFYWmzxZt9a7y8evvhnXysBwRVTxk7fP7,0
1JpZpX2NfVA1cCsoDgK7SAKKvfxQVTto7J,0
15A5runDy2wCPZuUFE5mCMmXe4iB3DBwSC,0
1G83duMY5fJNQj7i1V9PeTJk5yqqPLHFGP,0
1JtDiqvAPEb33g5NGb4gjykpkEfzopmBXH,0
1FLKY8qwxSxMks9dSLGN7SSy6aERvpynNu,0
1JeMsRPJ3idMpFNGKw1FBxsEoMkmLQqwLW,1
1KYSZEzUFzBUFWt37waNBmLqUebXSq2ddG,0
1KdCqZc2nmbREsb2529A2XCsS3y4uD74gx,0
1Q6B7S71uxmPkGCeGeZiS4D671oKd8mxGP,1
12NiDzMEmWrKLzhS5gkHXLMXuinqfDomqJ,0
1LhFZnHsdc73pUhsQ1mNgz2NZeQXEMrnJs,0
13UdHbtBQoFY17Ej9gGgmsjhSenrWn688x,0
1EPdhE7dnYbsUQWGqXN2DDwNvVNW5hozMi,0
1JRMaogG9ZBgYn9PJxwyRTxoJjMEV3iWRo,0
15pgeckyMpz9nGMVbL6UqRBUhXJuCx1Fe6,0
13FbKqyxiBnR1AsjhqVdrFUE5SpHqjS7da,0
1P8AqiLPgRboLrBQJCRZJ4rSSCWj86CWXt,0
13xccTENfWmhkNU9MNwMAD6rQLNodV8iyL,2
14ncTHypHRFE5UzUJZ6AjAT7ykeuHWYL3g,0
1FsjdiQ2ip6ybYJrDYZwxqqwV3Mdr3EU3H,0
1ExYHxrCpegxpvCXUnpocApXwjC2qLgf7p,0
1PqYze7YmxivhKkKkCR8FznF6RBfy64nDK,0
189Neh5StHjmPNRTwZdFTvF126CJU5JgAN,2
1GTLXA2C2ksFbyabsgaAiYMFgzv2DfNSkS,0
1Hk1PoxRTLyLBTkhCWCTwN597iet6STo39,0
1H9qGEsYhmTyFquF5puLbwg4ykTYbPHPTx,0
1NHea3evfeu8sxk2AKoC93ypFYeNEmwZjr,0
1PmsrVEzKSRjoUdkyTz5FR2rDgPomgkWii,0
1E1XgiJAzm1Wn7ZWuhkryzBoViBJ7CcRCQ,0
13C7tQAzjgtqGhYpP1f9Ne9KaXA5RVUpTC,0
1148tsSqptBTH97mG2ZRipZdf8UUwhBWfQ,1
1Kdyo1PZsKRao9qgGVUdRrnrHiu9aP3fKm,0
13QLvYkA7vrgZCnNcBKPbi2CxW8CK21rgb,0
1AQLGa7HTXbQPCHSXFBHwTPHm5xAvLHYqB,2
17JDUjVHUg5Aj9AoDK5QUbomr9aXXZehzo,0
1HJSJvGnRgnc2FVpPmvivyNDFYjw7MvEg6,1
1NbpUComTEGwkWNH5KCn7aLEjYrHW7YZeY,0
17tNdMMbQZtSnXgdGXJJHivdhqi2n2xHMP,0
19mp2oMBgrAkVoBEvsysxKHoZofL7CEaUS,0
16oarNsEMM8T4AmJFmJTMkEiNuG1AaRvi6,0
1Bbhao2iVcnH7xu1hQ9dsdWxwzJWKczrRw,0
1E9fktgGKoXfJ2fvr6McQbgfFeQyPDgsv2,0
1rAz6BnHmBoEgJ5d9ygxfmiAkTnB4Kctm,0
129uKyNZhtNroo3NCMUigcUbvciUdzWzkZ,0
1BBqEAQySWrJPKCFaKT66rYQWkThn5ZEj6,1
1N1trcXNKXkLQcAvhohZhWtyjmu82LkgzM,0
1CpsZg3XmFkjQVSmXt2xsBdmCNv2FXACBp,0
19XKX1siSP5d8x4P1LS9Hdvg1vnJB8BN6L,0
1EmibymuYDnxBqzyk3ivMSX5TMnWwQGK3u,0
1PqHdpJTwbxUne1MLKv3xc5hmHjM91UonQ,0
14LfunNd4Boq32SmFXE8AbbfypFWAxfneG,0
1EpLmrPu7BFff1wLfqoronESYX1m6M5SkM,0
1CTEauYtDPmXnBsri4eX19FybjSX9MAMUW,0
13HJ1FN2FCvN8dFykTKjgDdFUphovzv55Z,0
1Cwnv2RbHUc6ZseQ5D7aRJjvzyjYbDwPCa,2
13KjBU5jGDTu2vVy8PRFndv95MwD1JhwYh,0
15yupMMmdCstGUtWpZHy6jm8wqr6QyCAvX,0
1GDMghMXnRBrZTFGAW7fuLnvLruWTJ2SsE,0
14hHYQNk3nhHUeCcwWsgbjcyFHKC98QC9Q,0
1DYaXdgUNYh2E8DMNfz5MBq64EyDRLgome,0
151gCaAuo7qPYqSjRcT5AUTQAr8mkmPQLJ,0
15LWn5dE6b7wFimeCZcXTx1znZkmVqsmqQ,0
1N6a7xCZU2hGHScbXvLremSPx1gTWVApGv,0
192iDtR8zJwVRj57SRzvLzbbjqdwy4veAf,0
189MsZcoPoNq83Yyy64CpWmWmy348ca4cK,0
1Grhbf6ViiA317EQVe33V2nrDcwqwCemNv,1
1B11Fwnqeh7k9vk5tVfdTtAmjFZwJjK4Z9,0
17MTT4FSofqiUPp8Yne1kFUhSS5u9TuE71,0
1MMCmpSJ2TEwbt1iqrRpnZB4r66pNHvxqA,0
1PPCdmqHrf6CFDTdxUPvTuDuJMQqKRTw6F,0
13ZPp2TCC6kM1QENx3rWNXnuK3mMsCxmLV,0
14eYtwv8MvVBstNAFkhaaL8oYrZwZBbbvB,0
13A3v8Ry5JBEpwf1mardaW6U6TE8p3yZTp,1
124TQXntz7akAYCrUxDjLuVg7fLGTJqcgt,0
13rrASRwDx6eGi4FTestgy9tdtVRxG9fkL,0
19ZKSqKmoi9TgXmheSkmwdCVGEB5tg8LFE,0
19MzHrJts5oR8DdsTEM9VCi2FGnrzFjLVF,0
1HJ6JYd8851vEK6CmhTbFaAPTXyoGismFD,0
17VzPpMxbrg7rtkjA2NkDdwDCdVCBW78Lt,0
1PfcSdacMykNrfip4b73LWpFUcWyV2uanb,0
18v4KrJrx3CK9gxjj2JSpnhz6cdyJYduz4,0
157pL38Tz9xV5rXuVtT4uZtUqeufb3StDF,0
18GyF8pJk4oUhF89ovdX3XtRURaV5So2Lx,0
1GxMBmQRxJjPeVW8BEDJDT2QXXKbS3GR4S,0
1Q9X876MAEnJhNsbsMr85kqfKh6ciQ1f6R,0
17bbzuHdDgqcsYf2V798HCLTcgGiDrNzCR,0
1CbTN2JjZDFAMSnBny5Y9XFGt4RNxcpn2G,1
1Frxan92nseaX9Uu6ntCmgEs2zTTuiDuYC,0
1GitTj9n1xsmnqvrGecLDrSBDwqGmEwxfR,2
1F9iSfGx9gUoS4E4XY2vdhtKGxsb32FJvH,0
1GagoZiFShCmA1WaBm8LqduUpZUPvdz3hP,0
1GVr2Zo6fwKqe3UqDQGCrdREZzRKxG4Fu4,0
15nRrsfB5s6BCEr2CKBrmoxn52kSeTuHf5,0
1FmZmnijTwempQjzpNsw47FJxGw9jwhgiW,0
17Nu2qHpoaB7cv1D1Zy8MaU7JhGXyBsPq4,0
1Nyh9Hns3mjnxVZVso8fzCyEXMTJ2an3ih,0
1NSJ5G4f8St8QAijsa5Y2tSncQZEGNstN5,0
12cnyXzae4UVnnUL9GX3PwvUTMrybeZBZZ,0
1JWP2JeSEQw13ma3QrbBfzuVHkj26GTUwv,1
16RkuoyDiC9R2qEWDGWEsgmoj1dCyfcbui,0
148271z1WgTBkxFJLiqmbK5C6hdCWpNh3r,0
12KkoWC7vbFn75vYiTSXFkeSBQzoojoha3,0
18ZL4j8q4mUxiScibabWeppskeXxZQWwgR,2
1F7GzBR4Q1Ei5YNXyiXATTNwLCgUkQkWew,0
1ATdjMg7HX5ioDnvMByRohNRLqKhVmc75e,1
18SWuDNndbNtnBG4hAXjNHjYpUUDgi7evB,0
1BmWiHDs68i7MgqdWTodEMsU3rkj5WXkXB,0
16vHqYpKTruwiG2jHtHRMVxj55gnS6u1HT,0
183pZcpooLRGDfaHCDcZbWotkK2ssjjpf2,0
1KH6raJZFrGtjpFYGHrY43JyvWqLKch7yZ,0
14orw9hQCxRqKkTaesGHTBDg9wdc3uBC7Y,0
1LMaCyq4P1ZteaYmStaGcqxNyRJp2cK9EY,0
1P5Ng5UFN2vLgtCH45mffFLVWFNDiG2b3W,0
17pfg6L3hT1ZPBASPt7DCQZfy9jWeMGq1W,0
1aj2Z4a7EDbKLeUw3wgMeRmBYyyAnTStU,0
16JdJp9fd28Zz8VmwjKUC7jf8DvyZmDm5E,0
1381DxRrzNA1n2Q2G39KGsmgWZx1RDGPJJ,0
16c4fKpNC5VjwUF6LTAg6VHvQAUZKArCjd,1
1Fxa945GrSBYzAHjV3qNvX5CVaKz3T2vbg,0
1HadJ2JLNKZoH6qrnFDLvRGhhhfUxD6jQY,0
1Ms2PScjZsiv9A5cRT7seHVrKDawFWvts,0
1D2XC2fE18m5D3FPwZ9fNtRXXQAkFbRFL1,0
1KBycyTWDE71s6CyUsAWxQbUPedk5oHyzE,0
1LEZ5uVdvhr9a7VpCZJ9nFQrvgrXBfvJzj,0
18D6CYPrk6xqTEFiDXseMBCbD6DUyshoZk,0
18aTzUEJwxkRxfiRFiLpJTLuVzMGn6U9hK,0
1CLZNAGjL44KJXf1UybmGidz7SCwi4WxGS,0
1HHrYF2AL3L8vycF5Q33DXRVgE56mD5nzo,0
1GpyWbyTv3aX9tHqU1DJqCAH2BUa9MUsSA,0
1NyshkMXEgeMLGXBCpWCi8zupsHGYgS1ZD,23
1QK3BGSykWKDsoindargt2XKzotcZGtnRt,0
19BtDqQ2dY17ugNcbmZmz7npNFifJ78A9J,3
1LRU1jYRjGkTsCzHMi2xYk9v1aSQEa2rDF,0
1N6eUnvbkiZnWvfYzaT6KFAeexmVx9J5zW,0
1HrSxw9PSaP6jzXiYB7LfaBLsJBmDLz8hR,0
19V4FQUABMFuRfHYs2y9M27tYXYMyRd8cs,0
1LTESkNkHiZT3Gw4b2Asd6i5kN9pGr6dgU,0
1rabQAT2SfXFDRiKxdAnnCFVWyVgpWPPU,0
17k2vMMfrjT1vmdDXaTyPaq58m8UUEKDD8,0
1NjwT6YztgLh4qUi3r2VX5psptpUXNp291,0
1NgLdBTSYqnqwqiD2JioPRfqEkm3Zvs32u,1
1GgLp6x8iZYEc318JJiwc13za6cHoELKLj,8
1EvyihvTJAQXu5PQnZonETXBf2mwy8Z8yU,0
1JZZUcnhupDdDJXTnU7cuYLcHCkrHNFypG,0
1JgrLKpAXdaRezXFQPD79HSTWmc5aGuqq5,0
12692TqSLiWbwE7BfgqVvK9Zx8svNFPxLY,0
1BYsGsgGwAnv5jWuS6KAT7d48e1qTBXote,0
16rezqNncDSF4CuAHLUvCbZz1PXCLZfgd,0
1LCer4V6oGb6azFmfhiKP6yNhtjjsY1rwC,0
1GggKkTejmG8h5kdGXNZSaeGZChznYgCQp,0
12iHDGDR7Pk8XL6iuoV2ykjHv6VuAsEb8C,0
1HpFg53jkyW2J63ayiuQxzoxF9ugGec5sL,0
16Jh76bikoR78qjzC82jLTFAqE5kXLLyQM,4
188voQmHmk9DVQPXYgBWW7qSw8Jjt1UhBK,0
1NUZrhD5qFZBu2DJRA9pwka2e8Gm2GLPvB,0
13kdZ8XppnSaAoBxJjjhkxX9WUQFhHfDoZ,0
1BS17y8bwyFpSj9PYZ5FXeoC78QdfmiZuG,0
1DxAw3ZH9Eq9vVewmSEzs6XbdrZbHDdrqM,0
1PjGV4uADT4NmYHcPfEasHDCXXoDw9Kbji,0
1CrptRayEMvnzWZrxTteWicdft6ppTAx1n,0
1GaUSQ5RygDdMemez2J35QUFvWPHeaJvy6,0
1HuP5G1gUf8hYRhgniPXEkMBuEY3vCGbE1,0
17dgXQn4GZaAJjWuQezXvwCGM8fMbbUvFf,0
151ZBSPp4vpRvSysmbFwXkGpTnLx7RigMJ,0
1CtSxTkNrhNVD5JHaHbnQQ7hWLxDvonP7B,0
115vwEfig4mEg9MCPkJmq9SBKAUo1r5yrJ,0
19t4G85qZ52oyuD76wmUuuXGDzYDkyUWUR,0
1MxxZNYA8NKSLvE1nCCYxQEEcWPCW3tjJt,0
16ozcaUDbg1gn5e113P8e8UFik49hdBq65,0
1AURxazDeq7DPs97uGaorY58bGPyqndMMD,2
1GKLrib2nJtsn5wnT2ZUYdUkxFWZNfjZgb,0
1FRejFwgs9pkWNrckGiTMDNVEv8TQBb4G8,0
1LsnPNz8sKgbcab6PEus2hh4hHRxZBVhye,0
17fVqU8ZrPvPCHdBaBNXBe1MPxqh6vcWjb,0
1E5qt4Dk8AtKYqHsY92Q7K3EpL7tChVd2y,0
1Hjx8ek6qEfi8qzWDUJFcG2EBaiUh1NThf,0
1B1ZoMtUu1QBCA8aEER3Bw8paasQibxYju,0
15Ptsa3dMu2sBoeVAcBaNc2Dinr4MGcf9h,0
1LtuAq6egFEc9TWt7foSLPRmZ1xh4cevCY,0
15oHivXUHTjkEPjkd7kY8m6JevhbyhQtP2,0
12Qrx76aF5L2ny56pEVYDVuuW25QJ4n44p,0
1JtTaYJV3TQMaAFL7ydrFgw8ckTXgwP6iS,0
16B4KtSvAY6G54ZhDWCrQXqkvK8PHitcVn,0
12G1MooyMewnZzJ5YeSbSc14YyjkwsXpZ6,0
14qdU3yQ46ehFkVLoJNG5ndQ3Mk4BK6bjM,0
1QHQKjha3AisdAGmnaf2jYriXeT184YVtm,6
1CMgkhVxRMSRCPTQTjgadcC5TgkoLxGiT9,0
1352QqDJ3CnJQbFz2oJciF3Gf5C5fk6KWR,0
12BpLASDE7wmfS1hTU3SDk3bbDYqTyKAqG,0
1JFX2jxQriT3C8Qrqcxbm7xvYB1AJdiPXG,0
1Pr3MDwkXDTzzE4DrsRZ3K2McRkwUKwWKG,0
1M2ojP1BfuY6JhLZsUHcx47PKr7UqHWmn4,0
1GfK3zvt46sK9p15eBWJwD2StsDcF6vnCT,0
13ZnTyAHwhcUMroLVNasvKUKepTTHxSmQB,0
1G4eCf6kE92YmfcDWW2cTYqxmv8SDA8sFa,0
124kFbuQWsRL7k5vfsBU3P6Wkm925LhukD,0
1BuNWffpzEhdCh2s9tw6mFtDZz6YJu3s1F,0
18HhnACLcTD3Wcdqx9quhx2uMCuYQhNPBn,0
13viupjQNvVr3t4SWEx89v44jMAsDzQKKa,0
13kndzuZ7XmWh3WboL6nFp7gpYj4poGuJt,0
18HwYtFo7qrCV8eKanVomvhKjWkVNHsDcb,0
1BzGP7fgeUWoBeJFSnsSPyn8Hwe8DXDFpC,0
18A3gDWEWKNP9L815GKnudpEjpkd7FVCQ4,0
16yH1S6eJpj8UyLFqMVM35pbf5vXrec2c8,0
1DFAKdcJj1PDY4YEpSTU2TxLSbM75eFoDD,0
195eZQQubXBC39sMPach8PRumW2BgVBHYB,0
17ED6M44P1cxtUKxeEGU5sfUjPio1zPYSq,0
1Dk1JWBahsd3bFsqU3t1Rqhq6xnTEjzk1S,0
1G6wbGJjXRmK5tkoj9gdd4pj87Yk4UbiPt,0
1Eqf5hjyH1Mnic99w6UKuGtwB9p7GbDzc2,0
15FztveSPeQaJt7etc7NG4r6EjJEVpKeZA,0
167q1CHgVjzLCwQwQvJ3tRMUCrjfqvSznd,0
1AFQtstYE719KNmD4c6B9RMow8FDbxaYXT,0
1GxKEHkmbv3sXXw1J2r1wDpT3jKDqji4gd,0
16RNVJ5G3xbrfwW6gHj1hCDxcghe89e7pm,0
19EnfT1TzmgDrt9zp8vayWRR7vKg8uGnR5,0
14c7e4GPs5MwrsS4qKVMYqvH7QF1KhGryD,0
1F9HFRbNajxo8LXudzQbzamGkM1NJrgsCg,0
1A8rQpjztkxzQcUM1VQiFNRLhQUkUpMEGT,0
1HUZkXbcFGY1SDLE5v3t1ch2fThDGB83fw,0
18cBAgYzcm9jLkSqAp2aAgWsFgeYgaTmu2,0
1NLF5ykYeNqup33nqhYHwW1tfUjdJ9hx1L,0
1M6W1AP3shxtxdx3iKSbj2aMQY39MjpiSM,0
1213Kp8yCDsMnC6TQbC7X6ybE4FhmcYx2q,3
13gcRRF6gd9DhCj48mWKjV2zTUF3vJvhqV,2
182A2VjrDYhuMkQTBwdPCRkid3WiSTfAcY,0
12eEgGuSASjHF3Gtnh1CA7o3vVzYHdkgNC,0
1KuDFPXDYUtwqCE1DvBbBT3GgD4dWaS1f8,0
15h7Nf1NRXw3LCf3T2FShzveK8X87Ssyk7,0
1A1xfymprphW2WRh4B4m6abWu4JJj7NMaP,0
16zExGjbLaXtpoN6x8nXqSdWbMP9W6kdeD,0
1H3LYxn4jkzh61zCsLbgDMJcZVJMkD5JNK,0
1CtxYVnfyUb4D8gYUErEDvatBcwn9fph6h,0
1HeKRLx96cSuSF5URj38T5yRgNw8RvhB12,0
1JzTpamrSGM5kiyDUqmBpUSaB51Amhr9UA,0
1DeToddcQumVUoysGmJnhCE15vJ4VsXik4,0
1DRi1xJZn7WT7GtCTQhFu3hfvR7tjXeKBT,0
1A3Z56hhZzJKtDcS3vHFoTm8mUzjK6emzM,1
1Lw3YuZeYX3otNK1LFgHTao6azEQrgTnnC,0
1PLCvYM68Gpa6dxmcpUZ3kpj1V18MU7tkD,0
12gFVL7fd7HtipmeGBrVzzwpdnRaZHv9QQ,0
1MLWfq5pQ7izi3k35bBpLv6rtoc5VASaKQ,0
1CJ26t6DQxsttA4u9x4s9VWv3RNEdnVGyr,0
1Gi442s5o6DHEXiwE2wcKoHUnHpxpWrQZK,0
1678J4W2Q3hQpQrar1G9qSu2LQ4rKekrhu,0
1NdGz4W1ghT1Zn73to797aVn3isPfc4wqq,0
14BaiZs2om5vZf25VcRCDjjEdjLnhdb5va,0
14yzMYixMyj1C943YpK5Z5J372DsQpEbFY,0
1a5VX3WRgjcdSjm8xx9UQgkj3meWx2YmW,0
181pbYLuMs6rQtcXHby7dSSBfJC1zYoEj1,0
1HbYp8rDAE1HjzZhzs5J6AxqvCXtkN9fFq,0
1Me9Zge1ZSMsDNbwMzJDHZ5j6aKmFFH8hR,0
19fMciBidCfQvzvxVKcgRaU5jmAp2SqkMM,0
1BaSfeCum2ATFHnpYEtkZk1MCZaqd8tbfW,0
1EWS8yN2svgEggwRV8yTAPnSHrSCSkYbKC,0
1EujHmfSbCVLj469WcnhAAH9wDaFe3sakZ,0
1DoaxX9h3EGS8X5toe1gVVfLcejGHCRJi1,1
13cuQr7XEFBY9g9ySFLt3AfZQFwrzaPjw6,0
13nDxGN2hMNLV1Zm6PoUkFT8EvoC6KPSwQ,0
1H9yhWCnNdKzGu4T1mbkktQpGjU39GxbZ5,0
17HMXb1pvWygyVSsMFbdKZNGtjfG1zNGMZ,0
1HQrv6HiG8WkpD1Kp6b6kfcT7B2PFkPwhY,0
1GXSjS4S6EnusQhywY3WhMSAPyrUKF4Ze1,0
1DBfWCLmMpsRrammqDzqFZLn4RVTUB9nSo,0
15LmMzFBaRufktmaGVBdDSrwgtDBZXU1dW,0
1JzTBLt5vHunQnWjQoGmUoZxMsBa71gAFL,0
1GyEdDy8KQdwD66ZcBtPiWoPerF3JKqaFX,0
19SBJfubvVeSpzVhPo2xf85W4vzhweLevj,0
1PLADopScsAUwtBkL68zNKKT61bQhbsQSa,0
1DML7p6LJG3QKo169Zga2iCP9Yn4Qvxdyg,0
14qFgFijZZnMcUmcBVxJnvRrRM61Sxq6qK,1
1FFcKVUGgY8ytgDgVqZtXqDfAJLbcgcYtK,0
1JXUtxvUzdRG2DTH5e9HEH3m4zMYB7EeeR,0
19f7fTDkMbKn83doxfc4U2awU3nFShbjPv,0
15icTqGZovenkujj8T4tEZ3tgaUKX3aEGa,1
184yJwQRB7fpiqjzb9187ZCyfWHADst8zH,0
15yExhHkZ24G1RhqtvPNfMF6YkThHaUemM,0
1QJTtTEwJLzrKLx47NoECfyq52K4ybqVYW,0
1BnChnfxxNCrnyALJPQUt13LeANfd8PCCA,0
1CMPmoY5sQMy4eCiFu5BgMnPNSkMAC6Eqa,0
149iLTM499LvvktTSbub77dJYvZ7YVGtXo,0
1D6KyQYx5urfLveN3kWruAeT7Xqp2k2RFR,0
1GSG1s3rJjWL4RZ9rckZFsTNNgEpWjTtmv,0
16Y4daWwfb4TDZWT36AAXu7yKBkSKb6b9B,0
1Lg2rvxbBPC8jp2YJoV5xL7sdyTjueMUot,0
1JAtWLUCWKPquKoDw5NWCzgJ3d3Q3uMDfq,0
1P7HdeMtD4MhT2TmmDS6ftXHiaqfBfwyJf,0
1F9khsZfkG5gKigxBgLtjVqi9JQy9bkAaU,0
1LeXZZsSqP2rVkR3DXePBAm3mZky3X7QuR,2
1JBbCKhaN71RgvcrqKYq6a6pSwGpJY7Tav,0
1CuBYyNMBYNtyS1uuYwYiVfK8PfEgMpYMp,1
1AkC1G2dQuaSt63xZVpYgB2GyDEimadXsn,0
15ozuUR1XfqC1sMruLUUad4xZYB1A4EmJz,0
1M7HTBfDvtxdUEQh8Bm8sUQFeD61ZTNMyN,0
18GPsHSAh9nUmwQ1M76BM57J8rvMgYwKzz,0
12TN1jcBaXrnKTVSQLiDtcA7Ev6itAdhud,1
19H6mEuEvhvetzNSTpci1PsrxZNGrKBZUk,0
1FwDq7dzZnvc9MyLwzWdzJmPaN7zpXxEWU,0
1EubMUCisXqG9hMbK1SJvJAA9gHSnM9g5t,0
16kRBJNTXD18zRZXaypDWMHB1HRDUUUNYB,0
1PCg84DCouRE6xgb5BpF5Qto7M8R3oWXjy,0
1HUqGi8atvcexFPZgpY8iwpWLGkJk1cCoE,0
1MVZnHRiQdpAosUaR2ghYjoWjN9JxsaBmn,0
1LyrXk6wUnmSS63ejgtgEY6BtUqHCXBJ4k,0
1AzAaJwQbUvHguKV218GqhfKvwmWY65zAw,0
1ECG9uGcLfV8R7AqGExWhHSQEYXEE9yqot,0
1MfMX5FCAFmxMRawuJXrP3WyxZhNwNj3Ng,0
1uRdmKhwMMPvu6yaEo6qKLR5s4agE9aDm,0
1Mkup5ptPmr9eGa3EH92xcNYWNW84xJWZy,1
1JG7uLpat763h4M1kxe5P8y1vuEHN2FhZd,1
1G5kvbP33mMwgtSTHpwAJe86xWKBwUHSV4,0
1LatM9FNdwwqgzYCERgrdHHuHyE7ivbLbB,0
163TD8yYk86osnr7qq2ZucxNncVS3EZTzU,0
1BKsQ7RaHFmPydudooZ7aDNBhgkBPvdSEG,15
14PoEDKmkn3b14eehNMw1hcs5Uc563hcra,0
15ciWPX7p4F7ALBhwKyDBZmQYPLKBcocFo,0
17xBRKsw6S2JneSPdckX8dcnQX67TM4V52,0
1EZfmdk6oYWkSA1YCAj4WRC1f74X1wt1ch,0
12wjUEtVShFJFFQsK9Svmz9VaJpCKa1S3c,0
1JMTwuRetFyWU2u83BeLYFUBXjPUUx62jK,0
1Mo2DYAijiiGP12C9m1Y3rJW5UcTaXFuUp,0
19aanKBcLDRJpxLNuWaV5HcK9pgcuSJSND,0
1LGfULmWWNbJ6aQJtPTehf27eJXHM1vTCh,0
1KE5hfiGgLUmcJ2ZPogX4y69y917naHLBm,0
18HMAjzmaSUe5wFSc1MGUjxzLoX4y3ZbJB,0
1FDfMgRfqGmFwku5VZV9AYaMw83SuMiHRA,1
16e8mkUabBbVSgR7r6tDxGkvD9WPHcrba,0
1CFWRegJrGoaKTzFRG1P241rw42K2gQFm4,0
1rmE5M1why3FHGk2PAyfEhmMeiBtch28f,0
1Q5aVXL41yqKtweGqYKeXzGM3rUe76ztry,0
1BwChPMbCE5d9pmQnDKCDrHt1FJjfkMsf9,0
1PD15kmh3sbFmtRcvAxoanGvwBLPgHLKy4,0
17cBM5P1cZqfZ7So92wrzpKvWCpd2YCvv1,0
14TeeHy4igXUgfnjXmCFG5MwkcRKZRkprS,0
17HoxUxnonoc4wit6ULFUXZRbLTJTmXT5q,0
1MnhNy34da4eHgfXVzfkLwwmN3gKRNCrm3,0
1KTrfabgkr2zVca5W2xBdPxb2zdKd1ehBF,4
14WVrGhCMuoAztunJhLYj7FYqTgDTwDM8W,0
18zL2nFacJrYkv8gVnG4ozSMs9RfRmeZQg,0
1AKji98xpf4eoPZwdsGLUBCCnGysHeMfry,0
14FQ9TsWEGAb2jhdKUYBJMp2qXCBExb4ck,3
18D3a41B6XqkFiUaQerbuHxX7EqVXLBiis,0
1M45aqLw6ENUFZrKc37oDaFDUyBZva3XSg,0
1DqrTBeDWqQdFNAguZwAwQJ7NUmpY8on1a,0
1MwqaL1u1Hm1zJBqS6qKNRWENKNKfR5CGk,0
1AGuEHwNAtCBYWcDEuFwnsQq3VW265PgYe,0
1FjQwYWrbZasSH4bN8ZZbzZTY6MYztfkkw,0
1AnjeejGJ6N4Q1dxBWbkLM5oww4bpVCMgV,0
1PETj6EwjW9bM6Ba2u649S9U2451pQUXYh,0
1HDM6R5u91BZNWZPU64jPC7yDjVfbfPNMq,0
1BZpbrihEeSuGbYyKvSvi5N8Jku6BR73VY,0
13EZKftYp3dZrDF57LytCZnK4geXJjq2TC,0
1KNGC5r7Msjo3moocAknr4nsUTLXuU2oDN,0
1ccH7MoMoqzr1RurevaQw3SWc11eZjF99,0
19Gt3GCLEQZ17wkt8mktPSrwjG7c1csByS,0
19jiGdTAz6RHHFi5sLbMXZERABRbrqxjAG,0
1EYsN9sGJg3oCrzC2zdogFfDGFMGYyz1dz,0
1Cs7XLnCT3viZX7CvVWgevQteLqR1r9rp,0
1N8NpbWRvzVhdqKgSjLkFuYCpedQv88V6w,0
1KFTCuWawwhKgErKfSCs8aAcW7nsq7vJdT,0
1592sGmhtxdJ7Lj2mSN8PhN9tEwh5CKf26,2
1Mnh7FsVMv57bvypUa3rpC4E8Qbfgier8J,0
15KEsLBnRfYuiP2rFeeDVg6wcZAEfakg2H,0
1KqSVnTiDjCYkX2F8GUa455UMKdeWXb83E,0
1EPq1WGdn3nMeGcLwFa3pVCr5jd6jP2ucP,0
1EckVPrUiYSKTxxXZYAUH1TL7yQnn56vM2,0
1Q2HctFaK5Sbxi8ngsighdP5E4oiGtEckL,0
1Cyan9gF3tJraGdHaKeX1g5i6GnG5EzSTs,0
16611Zf2rncjBTwRSKDYQLMQgVXDPvcX52,0
199JNvbh5gHRgq5VwGor4ZTVr3yBGC6vCC,0
12s5CFC52NdzURfdVsFjdB95P5XaJBMLe7,1
1QHtiXTP66gUn2ATz4JXb6kjypJNdqgKra,0
1PEQYkQByqsQjdceejk15SYbdkdSAmpY26,0
1NqzGMsmrVKXckR8ZNJfX4qYA6dGvJC6pi,0
1C2GaZftgK7ND2uPmCHvVXKbcLNHPnRCmh,0
1ms6HUUxmsvEg128aTjvzx2kceR1TqbrE,0
15cMPJydTDew7QTY4p116iiqznyLKXwyg8,0
13Usz3zxi6vGnNZxdYysc3oN71Mx84mbh6,0
135iJNQ7sZ4CxzvozdvhmMACjQFn3qVrRV,0
1GP3Xwq9EM6XauZjNAgVErYAeVLUiGE6FH,0
154FctDCPEgxYvrUbLtPoaHLKpdEaP5jFi,1
18PJzaFqbNdvAjiNTQc4PEnAR4qvCeveRU,0
1HrtDa17iwbf95rbyniwAStq1zqqBVdb7L,0
15TNepnYyhXprnBX4wXrJhuxFZ5yqhD3og,0
1Gkk4TYPtE2RCD5KzFr7cwFX1o6FvriyAG,2
12in6g7m1Dm12W3833T5UvEdGyNd8KUCBA,0
1K3kcFp5bWxCfFgKBvRFaoLqk3ZKipg9oc,0
1tUjwyj1xqiLuzzDzGULt6iGJTBtp3G5b,0
18vzNt94HQQBZyP8sDEs8UxvNYrWVu9Mhq,0
1EcMdX157NURQwSm8woCq48Do2TYMGgbUF,0
1ApMtCD4V1zLruoSsecJpRNUnNKYe8c32k,0
1BRy3LowtjizdMKxoj1MqhoNZ89iFznrzs,0
1BNaCh4eGYrtNKCfGCBJkJy9ZFWNTjiXvT,0
1DUjZkfnZDfCMmcu1BnrZfgGt5tVBbr4q2,0
